barcode	filename	checksum	analysis_id	uploaded	modified
TCGA-BF-A1PU-10A-01D-A19A-08	C828.TCGA-BF-A1PU-10A-01D-A19A-08.3.bam	dcc9c3e461277849e23f5aa30b82d934	994fc4fc-9487-4603-9205-36463e2d6753	9/22/13	9/22/13
TCGA-BF-A1PU-01A-11D-A19A-08	C828.TCGA-BF-A1PU-01A-11D-A19A-08.3.bam	cee5b027c8e99b0feb606fa2de05029f	d67b533f-ce0a-4295-81e6-1ee2a98a3080	9/22/13	9/22/13
TCGA-BF-A1PV-10A-01D-A19A-08	C828.TCGA-BF-A1PV-10A-01D-A19A-08.3.bam	1800ecc7ea3acef65c0aa146f4f95331	543678a4-8b96-487f-8d11-51af694bb56e	9/22/13	9/22/13
TCGA-BF-A1PV-01A-11D-A19A-08	C828.TCGA-BF-A1PV-01A-11D-A19A-08.3.bam	8919781aeb631771cdcb02b29dd827d3	3e7def65-6453-4180-a6cf-df3e18849f2f	9/22/13	9/22/13
TCGA-BF-A1PX-10A-01D-A19A-08	C828.TCGA-BF-A1PX-10A-01D-A19A-08.2.bam	57b40b227df93364b524209aa0387e11	5fffc0df-075d-477d-bca7-1f7ed492a9bc	9/22/13	9/22/13
TCGA-BF-A1PX-01A-12D-A19A-08	C828.TCGA-BF-A1PX-01A-12D-A19A-08.2.bam	9767f2a9107f60b1f87ee115d2fbf128	09f5e55c-3c3f-47b6-8329-d0d83e40f69d	9/22/13	9/22/13
TCGA-BF-A1PZ-10A-01D-A19A-08	C828.TCGA-BF-A1PZ-10A-01D-A19A-08.3.bam	1a7fbcfb3c45d77c42621a1bc09c936d	f0a28be2-5332-4ffe-a384-cc2fd5e66994	9/22/13	9/22/13
TCGA-BF-A1PZ-01A-11D-A19A-08	C828.TCGA-BF-A1PZ-01A-11D-A19A-08.3.bam	a9d460d213350097643fce95ce0b2679	9ba809c6-3dab-431a-b920-ca81064d651d	9/22/13	9/22/13
TCGA-BF-A1Q0-10A-01D-A19A-08	C828.TCGA-BF-A1Q0-10A-01D-A19A-08.2.bam	f665818da8e06cc4326c146b2c33935c	c6270583-c940-4eef-a8fc-c4ee669e467f	9/22/13	9/22/13
TCGA-BF-A1Q0-01A-21D-A19A-08	C828.TCGA-BF-A1Q0-01A-21D-A19A-08.2.bam	f5fb0bb6d061a80c6fb9c0a681db0a8b	0cb7ee60-c7b6-457a-a987-77a66daa05ba	9/22/13	9/22/13
TCGA-BF-A3DJ-10A-02D-A20D-08	C828.TCGA-BF-A3DJ-10A-02D-A20D-08.1.bam	ae68bf255d1bda9cdcf6e2d503c27d59	5e1f9559-55f4-4b5e-8bb6-3e0b8c4a91f9	9/8/12	5/16/13
TCGA-BF-A3DJ-01A-11D-A20D-08	C828.TCGA-BF-A3DJ-01A-11D-A20D-08.1.bam	2712f0aa24385d09e7c13a5682eae264	aae4bc75-8569-4899-8a44-add2dd5d6aa4	9/7/12	5/16/13
TCGA-BF-A3DL-10A-02D-A20D-08	C828.TCGA-BF-A3DL-10A-02D-A20D-08.1.bam	ac258e3fecd3b8eb247e81ffe3a073e4	a5a92b39-b90b-4927-9732-d1ec6d044311	9/8/12	5/16/13
TCGA-BF-A3DL-01A-11D-A20D-08	C828.TCGA-BF-A3DL-01A-11D-A20D-08.1.bam	21aa93b46494ad2c817d9ecb8fbf194d	4ed9a248-a247-4150-abcf-baeaf9528efb	9/7/12	5/16/13
TCGA-BF-A3DM-10A-02D-A20D-08	C828.TCGA-BF-A3DM-10A-02D-A20D-08.1.bam	52bfee33044604c4e6b5b6d78b5d44fe	4bdbbfa5-abbf-43b1-b5a1-27bfe6d4e5a3	9/7/12	5/16/13
TCGA-BF-A3DM-01A-11D-A20D-08	C828.TCGA-BF-A3DM-01A-11D-A20D-08.1.bam	0ddc267cc67c4b577846a6292a8f79fe	359a62a1-8918-4e8f-aa94-47d9af18d336	9/8/12	5/16/13
TCGA-BF-A3DN-10A-01D-A20D-08	C828.TCGA-BF-A3DN-10A-01D-A20D-08.1.bam	43bbb8d0f0b3ed84f1a78e05a4f92b86	108649a6-855e-4785-a8c6-c2eae09302ec	9/7/12	5/16/13
TCGA-BF-A3DN-01A-11D-A20D-08	C828.TCGA-BF-A3DN-01A-11D-A20D-08.1.bam	a94515a03523113b29d9b7394afb6321	59f0b54e-9abe-4c71-8a18-47f59140cc1c	9/7/12	5/16/13
TCGA-BF-A5EO-10A-01D-A27N-08	C828.TCGA-BF-A5EO-10A-01D-A27N-08.3.bam	68cb89737a0eb84637b4b245f5fdd2c9	42991886-dcf6-4afa-9e3e-7f43ca2060e3	6/12/13	6/12/13
TCGA-BF-A5EO-01A-12D-A27K-08	C828.TCGA-BF-A5EO-01A-12D-A27K-08.3.bam	3565e399f04099e1bf1852a80eb0ad1d	16be2393-e68e-4a89-886b-c00abff40fab	6/12/13	6/12/13
TCGA-BF-A5EQ-10A-01D-A27N-08	C828.TCGA-BF-A5EQ-10A-01D-A27N-08.3.bam	a6389b7834a2324c1962d5ce36ca30a7	a4ca2ec6-4a22-405d-985e-17ee81f9d9b5	6/11/13	6/11/13
TCGA-BF-A5EQ-01A-21D-A27K-08	C828.TCGA-BF-A5EQ-01A-21D-A27K-08.3.bam	9a6cd34783b61966e051bc547d1dcbd0	e49e512f-d1a4-4584-8ed9-5839390be4ab	6/12/13	6/12/13
TCGA-D3-A1Q1-10A-01D-A198-08	C828.TCGA-D3-A1Q1-10A-01D-A198-08.3.bam	2a7b475da9874374bc1f70586ca6c986	c1d3bd43-1606-49f0-a0ee-94008ef8bd6e	9/22/13	9/22/13
TCGA-D3-A1Q1-06A-21D-A196-08	C828.TCGA-D3-A1Q1-06A-21D-A196-08.3.bam	df36243002120f5a327153aab4c9105e	b97134ce-946b-49cf-920c-c18c02106a3b	9/22/13	9/22/13
TCGA-D3-A1Q3-10A-01D-A198-08	C828.TCGA-D3-A1Q3-10A-01D-A198-08.2.bam	cd9b81096a23ebab0013b2ba387ad0e0	0be74641-6740-42fb-b74a-c9fa15ca08f8	9/22/13	9/22/13
TCGA-D3-A1Q3-06A-11D-A196-08	C828.TCGA-D3-A1Q3-06A-11D-A196-08.2.bam	ce522b56e938cb7129e348a3cd04a05a	3828404d-42c0-47c5-b9d0-46f839f8ce4f	9/22/13	9/22/13
TCGA-D3-A1Q4-10A-01D-A198-08	C828.TCGA-D3-A1Q4-10A-01D-A198-08.2.bam	8f7d72f887f0675e9521c916a6f28ba6	090290b8-ceae-4174-8aaa-26bcf79b2978	9/22/13	9/22/13
TCGA-D3-A1Q4-06A-11D-A196-08	C828.TCGA-D3-A1Q4-06A-11D-A196-08.2.bam	e3512ff125551612323a5aba0720f8aa	82d9a233-cb51-4beb-b2fb-d1c92c90d5d9	9/22/13	9/22/13
TCGA-D3-A1Q5-10A-01D-A198-08	C828.TCGA-D3-A1Q5-10A-01D-A198-08.2.bam	8a0ec093e10622cfe92add741d7865e0	7364e45d-ef58-4290-b59a-edfab3be054c	9/22/13	9/22/13
TCGA-D3-A1Q5-06A-11D-A196-08	C828.TCGA-D3-A1Q5-06A-11D-A196-08.2.bam	66b40c4e34e8ae7ecd40eb796ce95b46	b699068f-18eb-447f-bd84-d1788d480c2f	9/22/13	9/22/13
TCGA-D3-A1Q6-10A-01D-A198-08	C828.TCGA-D3-A1Q6-10A-01D-A198-08.2.bam	53e4f7c0f726f48019497977702cee22	8c362f37-22dd-4102-ad4a-399781094752	9/22/13	9/22/13
TCGA-D3-A1Q6-06A-11D-A196-08	C828.TCGA-D3-A1Q6-06A-11D-A196-08.2.bam	c44c7add1a1ca2a6068b2a517203083f	ad0aa65e-6824-48c1-aafd-285854cf6804	9/22/13	9/22/13
TCGA-D3-A1Q7-10A-01D-A19A-08	C828.TCGA-D3-A1Q7-10A-01D-A19A-08.2.bam	637f53d8154a1022d54d0bb963cb0220	c89bf0ba-a208-4dc5-b30f-3ed02bc38cf2	9/22/13	9/22/13
TCGA-D3-A1Q7-06A-11D-A19A-08	C828.TCGA-D3-A1Q7-06A-11D-A19A-08.2.bam	ff1a6e569a0e3c4a927c68ae7568638c	c2d5b3cb-3f94-48b5-9fe9-7325e702acda	9/22/13	9/22/13
TCGA-D3-A1Q8-10A-01D-A19A-08	C828.TCGA-D3-A1Q8-10A-01D-A19A-08.2.bam	17918cd22e950f57a988353e86cf26c1	67c2ce49-1a56-4914-8a2e-8489a25709b4	9/22/13	9/22/13
TCGA-D3-A1Q8-06A-11D-A19A-08	C828.TCGA-D3-A1Q8-06A-11D-A19A-08.2.bam	a29dd7dc0334589b31f44b887f132e2c	d40b01bb-2be5-4ab2-840e-03c11bb69525	9/23/13	9/23/13
TCGA-D3-A1Q9-10A-01D-A19A-08	C828.TCGA-D3-A1Q9-10A-01D-A19A-08.2.bam	f367eb86ff07fe5894079a220e2fb9a4	a11f7047-211a-4bc7-b9e7-f034873ef668	9/22/13	9/22/13
TCGA-D3-A1Q9-06A-11D-A19A-08	C828.TCGA-D3-A1Q9-06A-11D-A19A-08.2.bam	a293c9880a10bd9c5b66226c8c4f4775	28cb3f45-5456-4efd-a11b-dc40aac0fd40	9/22/13	9/22/13
TCGA-D3-A1QA-10A-01D-A198-08	C828.TCGA-D3-A1QA-10A-01D-A198-08.2.bam	d39e8eab324da34a4967aaabbab50426	867b2767-4023-4a3b-946d-039cf048dcfe	9/22/13	9/22/13
TCGA-D3-A1QA-06A-11D-A196-08	C828.TCGA-D3-A1QA-06A-11D-A196-08.2.bam	058ad22e30acf85a15e4f2e2e0fc1e7c	5c0623bb-ba9c-4342-b23d-54c111084edb	9/22/13	9/22/13
TCGA-D3-A1QB-10A-01D-A19A-08	C828.TCGA-D3-A1QB-10A-01D-A19A-08.2.bam	51518ab6279633d7a55b2401a9e11dfe	f88a095e-0c42-4836-9bcf-8e77a7e69768	9/22/13	9/22/13
TCGA-D3-A1QB-06A-11D-A19A-08	C828.TCGA-D3-A1QB-06A-11D-A19A-08.2.bam	57c44c486ca308b3b6888fc3b02a5e17	a97bb692-cff7-44a2-b395-20072a3b69d9	9/22/13	9/22/13
TCGA-D3-A2J6-10A-01D-A19A-08	C828.TCGA-D3-A2J6-10A-01D-A19A-08.3.bam	819676b77b4c4090bf182f9acc3ae225	c97ef9ca-ec14-4f38-991c-ee43f7c03546	9/22/13	9/22/13
TCGA-D3-A2J6-06A-11D-A19A-08	C828.TCGA-D3-A2J6-06A-11D-A19A-08.3.bam	c30fe29b0fd0e2676233eb6968345f5b	a47131c5-c8a2-49aa-9917-2bd052fc86ec	9/22/13	9/22/13
TCGA-D3-A2J7-10A-01D-A198-08	C828.TCGA-D3-A2J7-10A-01D-A198-08.3.bam	2c345a32fddcb67e16835ea68c5578a5	e5dc9dd0-0b10-40bf-a3dc-b07b9cec9175	9/22/13	9/22/13
TCGA-D3-A2J7-06A-11D-A196-08	C828.TCGA-D3-A2J7-06A-11D-A196-08.3.bam	2b41c37b7296e031afc45ed60c3cb033	c657476c-3a02-4e36-9b5d-2015b9ec3c4c	9/22/13	9/22/13
TCGA-D3-A2J8-10A-01D-A198-08	C828.TCGA-D3-A2J8-10A-01D-A198-08.3.bam	3ab848f02be295d7f5934d34cec37d8d	633de24a-cbf2-4acf-8faa-1233c05705db	9/22/13	9/22/13
TCGA-D3-A2J8-06A-11D-A196-08	C828.TCGA-D3-A2J8-06A-11D-A196-08.3.bam	ca1bdc4574c55e5e26da77cf30138b70	46d7508b-a476-4f14-b53a-7a4f90f1493b	9/22/13	9/22/13
TCGA-D3-A2J9-10A-01D-A198-08	C828.TCGA-D3-A2J9-10A-01D-A198-08.2.bam	e578b95288617e2b640b3df1548cc0f9	b10a7da1-724f-4085-90d2-d3c5f27b5e49	9/22/13	9/22/13
TCGA-D3-A2J9-06A-11D-A196-08	C828.TCGA-D3-A2J9-06A-11D-A196-08.2.bam	ec6327f9eba7fe77ce730ef2705905c2	fb4f7a85-3b3f-4ddf-8156-a5b04817251c	9/22/13	9/22/13
TCGA-D3-A2JA-10A-01D-A198-08	C828.TCGA-D3-A2JA-10A-01D-A198-08.2.bam	5a267a61004f237dccd67e84b7c03cdd	21faff4c-61e4-4b87-9bdf-8794661ea914	9/22/13	9/22/13
TCGA-D3-A2JA-06A-11D-A196-08	C828.TCGA-D3-A2JA-06A-11D-A196-08.2.bam	919327b0301021bdc390241cdc9064e4	587ed078-aa32-46ba-9f87-9cdeb5a1bffa	9/22/13	9/22/13
TCGA-D3-A2JB-10A-01D-A198-08	C828.TCGA-D3-A2JB-10A-01D-A198-08.2.bam	35b80ffc1cc0e3e1598e607b38fdf6d4	309031b6-2235-409a-ad4c-a0f08754a3eb	9/22/13	9/22/13
TCGA-D3-A2JB-06A-11D-A196-08	C828.TCGA-D3-A2JB-06A-11D-A196-08.2.bam	5468ef50de14a2bb80b2efce23496647	a90441d8-58c2-4a9e-b6d0-78d8bfbc3b7d	9/22/13	9/22/13
TCGA-D3-A2JC-10A-01D-A19A-08	C828.TCGA-D3-A2JC-10A-01D-A19A-08.3.bam	03a151d56e542786685a4ae2c04fc811	3a3b51e5-65a9-4486-869d-12889be6d598	9/22/13	9/22/13
TCGA-D3-A2JC-06A-11D-A19A-08	C828.TCGA-D3-A2JC-06A-11D-A19A-08.3.bam	87510adf2d9e5643557e36002f7ce158	e5029064-21f0-4f2c-84e4-38dd859516b6	9/22/13	9/22/13
TCGA-D3-A2JD-10A-01D-A19A-08	C828.TCGA-D3-A2JD-10A-01D-A19A-08.2.bam	c1935f1f155f8fe36c7f11bb2745be64	042e2b05-37bb-4f56-b12d-7c7d9fe6e978	9/22/13	9/22/13
TCGA-D3-A2JD-06A-11D-A19A-08	C828.TCGA-D3-A2JD-06A-11D-A19A-08.2.bam	4e72b8f9433d69035b0d439f74b6d7f2	e376642c-6cc6-43c5-bd56-0c159d77df7d	9/22/13	9/22/13
TCGA-D3-A2JF-10A-01D-A198-08	C828.TCGA-D3-A2JF-10A-01D-A198-08.2.bam	b4a9f3f4cae64cfa82672d934a477442	8a3d21d8-50cc-4ce3-83f4-5e14cb597309	9/22/13	9/22/13
TCGA-D3-A2JF-06A-11D-A196-08	C828.TCGA-D3-A2JF-06A-11D-A196-08.2.bam	32c0021766adf90634f99adf2d0e4d6f	ff83c95d-4d27-4002-a627-723e5569c010	9/22/13	9/22/13
TCGA-D3-A2JG-10A-01D-A198-08	C828.TCGA-D3-A2JG-10A-01D-A198-08.3.bam	faaae3ab6358e9d2fa7804b9e3d4b447	81044597-4eba-495d-bb20-349289877dc2	9/22/13	9/22/13
TCGA-D3-A2JG-06A-11D-A196-08	C828.TCGA-D3-A2JG-06A-11D-A196-08.3.bam	77b391781bb9173f9fb9be4982a289bf	1e1e8f6a-7359-4ea3-bcd9-08365fc69d32	9/22/13	9/22/13
TCGA-D3-A2JH-10A-01D-A198-08	C828.TCGA-D3-A2JH-10A-01D-A198-08.3.bam	b790f7ec1967fdaa9222e3df21147ea1	7fed8c5c-1d1b-45a0-a9db-f3651c5c1868	9/22/13	9/22/13
TCGA-D3-A2JH-06A-11D-A196-08	C828.TCGA-D3-A2JH-06A-11D-A196-08.3.bam	ed92f8bd3e104e340962fa15d0104855	0c510079-cb12-4094-aac2-4250d6d90280	9/22/13	9/22/13
TCGA-D3-A2JK-10A-01D-A198-08	C828.TCGA-D3-A2JK-10A-01D-A198-08.2.bam	5ab686d76560c89a7294dd4aa2ac98b6	b35c9714-e233-4a9e-b896-bbfadbb91415	9/22/13	9/22/13
TCGA-D3-A2JK-06A-11D-A196-08	C828.TCGA-D3-A2JK-06A-11D-A196-08.2.bam	9a9cd690b2fd9f21f972be6c19b2d2b6	2500966a-5f25-481c-8676-cf8362b2a5d2	9/22/13	9/22/13
TCGA-D3-A2JL-10A-01D-A198-08	C828.TCGA-D3-A2JL-10A-01D-A198-08.2.bam	22296090383c0694e30127447495af6b	833e5cc4-e0a1-41d6-a116-66bfa9bc8702	9/22/13	9/22/13
TCGA-D3-A2JL-06A-11D-A196-08	C828.TCGA-D3-A2JL-06A-11D-A196-08.2.bam	2d5ddce225cbe803b1d4d6469bc0decc	c93248dd-4290-4266-823b-6d5f18102ed5	9/22/13	9/22/13
TCGA-D3-A2JN-10A-01D-A198-08	C828.TCGA-D3-A2JN-10A-01D-A198-08.2.bam	15914ac34c6c99a2663e2e33c2e2252a	fb1c07ed-a61c-47f8-9c7f-ca6f9b00f122	9/22/13	9/22/13
TCGA-D3-A2JN-06A-11D-A196-08	C828.TCGA-D3-A2JN-06A-11D-A196-08.2.bam	4d6ff45dc3ae635368797cd12bf40cb8	09d9841b-1263-4537-b594-8857307a3959	9/22/13	9/22/13
TCGA-D3-A2JO-10A-01D-A198-08	C828.TCGA-D3-A2JO-10A-01D-A198-08.3.bam	bb683c92e5e04d5bec525966a88b98a0	a87563c4-7280-4c8d-9776-8c702cc7f7c7	9/22/13	9/22/13
TCGA-D3-A2JO-06A-11D-A196-08	C828.TCGA-D3-A2JO-06A-11D-A196-08.3.bam	b72e060d46fe0170bf3bab60bb779db5	aae22d4d-22a4-46d9-8f85-c09952b047fd	9/22/13	9/22/13
TCGA-D3-A2JP-10A-01D-A19A-08	C828.TCGA-D3-A2JP-10A-01D-A19A-08.3.bam	aa0fbc099cd8d8784b9446c167fa40a7	80b56af8-ed21-422e-8149-4d5da37b2247	9/22/13	9/22/13
TCGA-D3-A2JP-06A-11D-A19A-08	C828.TCGA-D3-A2JP-06A-11D-A19A-08.3.bam	edb8630d70fecca6981fea9c5983020b	307b1387-3c41-4422-99ab-5391c7bfd0bb	9/22/13	9/22/13
TCGA-D3-A3BZ-10A-01D-A198-08	C828.TCGA-D3-A3BZ-10A-01D-A198-08.2.bam	25f785b155a84564f5b597add815e8df	99649f33-cd36-466b-b7d6-81ecc8c14ab5	9/22/13	9/22/13
TCGA-D3-A3BZ-06A-12D-A196-08	C828.TCGA-D3-A3BZ-06A-12D-A196-08.2.bam	2f4e8388fd42105d2788ce34e84ce8b4	a8d1d213-b84b-41ad-8cec-a59b64938b1b	9/22/13	9/22/13
TCGA-D3-A3C1-10A-01D-A198-08	C828.TCGA-D3-A3C1-10A-01D-A198-08.3.bam	ee5dcbea6818c75f5e436283cec5f4d2	98197273-26cd-4ba6-9602-555d3e5199d4	9/22/13	9/22/13
TCGA-D3-A3C1-06A-12D-A196-08	C828.TCGA-D3-A3C1-06A-12D-A196-08.3.bam	df452941f28edd1d618eed7c4c7a54b9	97ef2635-80e8-4a58-8d54-4e588e767870	9/22/13	9/22/13
TCGA-D3-A3C3-10A-01D-A19A-08	C828.TCGA-D3-A3C3-10A-01D-A19A-08.3.bam	c61151e1dc4cc689d15f60ea666c10bf	e7875b22-f0a3-482f-bf14-31f16bc219f8	9/22/13	9/22/13
TCGA-D3-A3C3-06A-12D-A19A-08	C828.TCGA-D3-A3C3-06A-12D-A19A-08.3.bam	da4dbcf5cc17b7e81677c1cfb2de6d09	7b3056cd-782d-43d2-a0ad-f0eac5c79821	9/22/13	9/22/13
TCGA-D3-A3C6-10A-01D-A198-08	C828.TCGA-D3-A3C6-10A-01D-A198-08.3.bam	e41783f653bb868ed8eab417b85c83e3	56d14d42-229f-47e2-9882-506b5c4bcd22	9/22/13	9/22/13
TCGA-D3-A3C6-06A-12D-A196-08	C828.TCGA-D3-A3C6-06A-12D-A196-08.3.bam	8b3a73b2f38238e6b0b611c87e357fa3	c5cd56ab-54ad-4bb1-aba3-307ac7fae3d9	9/22/13	9/22/13
TCGA-D3-A3C7-10A-01D-A198-08	C828.TCGA-D3-A3C7-10A-01D-A198-08.2.bam	bb04c8a2cf6003e5cd467d061359a3a6	af8a12ad-5802-495a-a364-6317a638fea1	9/22/13	9/22/13
TCGA-D3-A3C7-06A-11D-A196-08	C828.TCGA-D3-A3C7-06A-11D-A196-08.2.bam	c095423dd49e30bfb0da499cb68cae5a	162928d7-12db-48b8-a933-d0709e7745c7	9/22/13	9/22/13
TCGA-D3-A3C8-10A-01D-A19A-08	C828.TCGA-D3-A3C8-10A-01D-A19A-08.3.bam	56b0c9800ddcd9edbdbf2a4d1e8af130	88d1ff5f-929d-40ce-8e64-f4fb8df5ed37	9/22/13	9/22/13
TCGA-D3-A3C8-06A-12D-A19A-08	C828.TCGA-D3-A3C8-06A-12D-A19A-08.3.bam	4d98ae5fb0e7220e9e58e36f46e8f445	3acaad7d-c4cc-44ac-b878-3e8a92511971	9/22/13	9/22/13
TCGA-D3-A3CB-10A-01D-A198-08	C828.TCGA-D3-A3CB-10A-01D-A198-08.2.bam	416047856872754caf50e194849ce55f	2dbece47-4b0a-4daa-8287-ae17a4359d03	9/22/13	9/22/13
TCGA-D3-A3CB-06A-11D-A196-08	C828.TCGA-D3-A3CB-06A-11D-A196-08.2.bam	2388e4dd7ce0c5ce468f9d6681aa6430	b8348f6e-7153-4cb5-ae6c-a4c49717a559	9/22/13	9/22/13
TCGA-D3-A3CC-10A-01D-A19A-08	C828.TCGA-D3-A3CC-10A-01D-A19A-08.2.bam	3cdbbdebb1f0d1205a98b2a06e060f52	21f4b040-7d0a-4530-a49b-8c8100ab658a	9/22/13	9/22/13
TCGA-D3-A3CC-06A-11D-A19A-08	C828.TCGA-D3-A3CC-06A-11D-A19A-08.2.bam	66df205e85ac1ffc0d0569cb1dd59efb	99ef8be8-1f2f-437a-b712-27476251bff0	9/22/13	9/22/13
TCGA-D3-A3CE-10A-01D-A19A-08	C828.TCGA-D3-A3CE-10A-01D-A19A-08.3.bam	5a921ae674f41a24be1302d24cf67b7a	0c069518-3066-452b-bf75-c5b270fb24f8	9/22/13	9/22/13
TCGA-D3-A3CE-06A-11D-A19A-08	C828.TCGA-D3-A3CE-06A-11D-A19A-08.3.bam	4701ffad61711a488a293d6583ce0d7e	e77831c0-8b42-41e2-93ac-ee3a1268ccdf	9/22/13	9/22/13
TCGA-D3-A3CF-10A-01D-A198-08	C828.TCGA-D3-A3CF-10A-01D-A198-08.2.bam	780ed1cf6b38186609ddff99cb67ea1b	71949c01-ba36-4d59-8131-4dd502bff8cf	9/22/13	9/22/13
TCGA-D3-A3CF-06A-11D-A196-08	C828.TCGA-D3-A3CF-06A-11D-A196-08.2.bam	96bc0480becf55a8fca64e4addebb1fd	2b1b365e-1c99-4f6a-8e3e-532cd8c453e3	9/22/13	9/22/13
TCGA-D3-A3ML-10A-01D-A21A-08	C828.TCGA-D3-A3ML-10A-01D-A21A-08.2.bam	ce2bce37734d404e64406312e9a6e87e	01bec889-1440-4688-8d93-eeefb6cf1ab5	9/26/13	9/26/13
TCGA-D3-A3ML-06A-11D-A21A-08	C828.TCGA-D3-A3ML-06A-11D-A21A-08.2.bam	b19977f62acaa9360d56d33533ee1ebf	9a38748e-ed51-4e44-a3f9-2023a18fe0a6	9/22/13	9/22/13
TCGA-D3-A3MO-10A-01D-A21A-08	C828.TCGA-D3-A3MO-10A-01D-A21A-08.2.bam	06353b511c2e3fd227a6fa7042785781	1ef64f3f-a297-43a3-96ee-417079c62579	9/25/13	9/25/13
TCGA-D3-A3MO-06A-11D-A21A-08	C828.TCGA-D3-A3MO-06A-11D-A21A-08.2.bam	717a17dc695d2a2195f00426f1b24951	dc36f261-3241-48b0-a62c-418f3d12e8f2	9/22/13	9/22/13
TCGA-D3-A3MR-10A-01D-A21A-08	C828.TCGA-D3-A3MR-10A-01D-A21A-08.2.bam	2a9a58aceb893b1f2f2bb554de4427c8	91aa89fa-3614-48dd-b5d0-d5c7f82f6175	9/25/13	9/25/13
TCGA-D3-A3MR-06A-11D-A21A-08	C828.TCGA-D3-A3MR-06A-11D-A21A-08.2.bam	1e16266224db988dae185951bc54610f	444b8721-999d-4d9b-a089-134c0291405e	9/22/13	9/22/13
TCGA-D3-A3MU-10A-01D-A21A-08	C828.TCGA-D3-A3MU-10A-01D-A21A-08.2.bam	2653a6c9ca99cecf2a9c3a1abf059dd9	56b39ce9-43f3-45f4-9d87-76ab45117999	9/23/13	9/24/13
TCGA-D3-A3MU-06A-11D-A21A-08	C828.TCGA-D3-A3MU-06A-11D-A21A-08.2.bam	55dbe821671161af2aba80100f229c4b	8290c764-385c-4656-a485-63557639cfcf	9/22/13	9/22/13
TCGA-D3-A3MV-10A-01D-A21A-08	C828.TCGA-D3-A3MV-10A-01D-A21A-08.2.bam	26591f112652e18b01423ae7d9bb6274	1345d45f-2d5e-49b7-ba85-0575b43c9a85	9/25/13	9/25/13
TCGA-D3-A3MV-06A-11D-A21A-08	C828.TCGA-D3-A3MV-06A-11D-A21A-08.2.bam	be76171e0942b13d04fcb0cd2fb00934	7adb7390-646e-4736-93d0-d9b3815da5f8	9/22/13	9/22/13
TCGA-D3-A51E-10A-01D-A25O-08	C828.TCGA-D3-A51E-10A-01D-A25O-08.3.bam	2164ac154b2d660f929c8f3b047b5668	20fffd1c-72a1-4c30-83a2-1c3186a2f1df	5/2/13	5/16/13
TCGA-D3-A51E-06A-11D-A25O-08	C828.TCGA-D3-A51E-06A-11D-A25O-08.3.bam	ee06f5038a8627ec23bbd97828e58d81	3277714e-6bdf-4d6f-97fb-ce804dc9e39d	5/2/13	5/16/13
TCGA-D3-A51F-10A-01D-A25O-08	C828.TCGA-D3-A51F-10A-01D-A25O-08.3.bam	2d3cb0ddc8801ee3235e4887941c79b3	3a671667-580d-4fb9-89c6-cbc1ed94f7cf	5/2/13	5/16/13
TCGA-D3-A51F-06A-11D-A25O-08	C828.TCGA-D3-A51F-06A-11D-A25O-08.3.bam	e0dfd5113712e6d40005ebf571a4cfa1	468d2781-0b43-4f76-a9ff-ce1162c4833c	5/2/13	5/16/13
TCGA-D3-A51G-10A-01D-A25O-08	C828.TCGA-D3-A51G-10A-01D-A25O-08.3.bam	817cdf73e697b2883b35f2d40a2763a9	99395828-26c4-4edc-ac22-7f408426c91e	5/2/13	5/16/13
TCGA-D3-A51G-06A-11D-A25O-08	C828.TCGA-D3-A51G-06A-11D-A25O-08.3.bam	ba0280df950a28468daeb78ac46cb187	0f7e363b-1d5d-4456-958e-1365d6dd7dd8	5/2/13	5/16/13
TCGA-D3-A51H-10A-01D-A25O-08	C828.TCGA-D3-A51H-10A-01D-A25O-08.3.bam	25186a446cd29730f097ba6735477e14	bdb0e0cc-ebf5-49da-81df-6fb86fef2cd6	5/2/13	5/16/13
TCGA-D3-A51H-06A-12D-A25O-08	C828.TCGA-D3-A51H-06A-12D-A25O-08.3.bam	a24685e6b2b057c1e4a8e54b30119b95	2c37fd88-3e97-46b6-8263-c70ad785dc58	5/2/13	5/16/13
TCGA-D3-A51J-10A-01D-A25O-08	C828.TCGA-D3-A51J-10A-01D-A25O-08.3.bam	6c18fac481c27f6d3087f450c3a398a1	d8d25630-52a8-44c8-9efe-0d653bd35acd	5/2/13	5/16/13
TCGA-D3-A51J-06A-11D-A25O-08	C828.TCGA-D3-A51J-06A-11D-A25O-08.3.bam	73b52fd146d4f97c7f7300173549c193	0f638bf8-7081-4772-ab36-6ae2da042141	5/2/13	5/16/13
TCGA-D3-A51K-10A-01D-A25O-08	C828.TCGA-D3-A51K-10A-01D-A25O-08.3.bam	27d6375339b6817ccd5cdc2708bc55af	b98436f3-4491-4beb-ab53-fe93af307950	5/2/13	5/16/13
TCGA-D3-A51K-06A-11D-A25O-08	C828.TCGA-D3-A51K-06A-11D-A25O-08.3.bam	db6be118755fe519325525718ae47ab3	80fbcbdb-0c29-4c64-b419-a6b8b60972cd	5/2/13	5/16/13
TCGA-D3-A51N-10A-01D-A25O-08	C828.TCGA-D3-A51N-10A-01D-A25O-08.3.bam	7213ef0344bf445b605f70a90c533651	a06b077c-d78c-4acc-8208-0341eaf8c4b9	5/2/13	5/16/13
TCGA-D3-A51N-06A-11D-A25O-08	C828.TCGA-D3-A51N-06A-11D-A25O-08.3.bam	ae723c1553d76ed2a07519f71c1fb93e	a39b6634-105a-485f-9895-8c252b475f04	5/2/13	5/16/13
TCGA-D3-A51R-10A-01D-A25O-08	C828.TCGA-D3-A51R-10A-01D-A25O-08.3.bam	efdaca1eabf499a08eea8d2222130d86	4f84f97a-787c-4c0f-9b3e-848d33173537	5/2/13	5/16/13
TCGA-D3-A51R-06A-11D-A25O-08	C828.TCGA-D3-A51R-06A-11D-A25O-08.3.bam	e02347a1052978537c77a391d687f18c	6dc7a9af-1343-4267-a107-db6c659b90a9	5/2/13	5/16/13
TCGA-D3-A51T-10A-01D-A25O-08	C828.TCGA-D3-A51T-10A-01D-A25O-08.3.bam	35544dd51d6a87f8976e751995bc5032	48e7044d-ed8f-4511-9ceb-3424f874d64c	5/2/13	5/16/13
TCGA-D3-A51T-06A-11D-A25O-08	C828.TCGA-D3-A51T-06A-11D-A25O-08.3.bam	c420870ee523e5d43242dfd361e0ced0	59113ac5-9b6d-4f6e-81a3-d3078e3053b3	5/2/13	5/16/13
TCGA-D3-A5GN-10A-01D-A27N-08	C828.TCGA-D3-A5GN-10A-01D-A27N-08.3.bam	4832f10f8cbc27031c1e3779d93a09f8	31dbbb98-9d27-47f8-a449-7d2c445976bb	6/12/13	6/12/13
TCGA-D3-A5GN-06A-11D-A27K-08	C828.TCGA-D3-A5GN-06A-11D-A27K-08.3.bam	703f8f135d833fa433aa5c6c310391c0	505395ba-c68a-4b76-a18e-d979fe11c34c	6/12/13	6/12/13
TCGA-D3-A5GO-10A-01D-A27N-08	C828.TCGA-D3-A5GO-10A-01D-A27N-08.3.bam	caec3bfc1f23f5a07c29adc830dc6b67	f3da4413-16dd-44e6-b331-7f077a63f5f0	6/11/13	6/11/13
TCGA-D3-A5GO-06A-12D-A27K-08	C828.TCGA-D3-A5GO-06A-12D-A27K-08.3.bam	31dcd53129c251d91019c1865860d1a6	41dc077a-a36c-4eaf-9723-8b8fbf992b41	6/12/13	6/12/13
TCGA-D3-A5GR-10A-01D-A27N-08	C828.TCGA-D3-A5GR-10A-01D-A27N-08.3.bam	2908c49b25089712101d0a21a322ac57	5f80c64e-666a-4e4f-aec4-0b8e2ba071d4	6/11/13	6/11/13
TCGA-D3-A5GR-06A-11D-A27K-08	C828.TCGA-D3-A5GR-06A-11D-A27K-08.3.bam	65d82125ce598160a86faa0b1f87559d	ed4252b2-21f1-47a3-a9c4-0dc6c16ced59	6/11/13	6/11/13
TCGA-D3-A5GS-10A-01D-A27N-08	C828.TCGA-D3-A5GS-10A-01D-A27N-08.3.bam	be373826f2270a1943c536b9fa75b06c	a361a5c6-c2bb-4a8a-be81-3a8fe078b519	6/11/13	6/11/13
TCGA-D3-A5GS-06A-11D-A27K-08	C828.TCGA-D3-A5GS-06A-11D-A27K-08.3.bam	b4325bdc35ba137e0f47d84e40b44480	9b6853ce-0552-4e30-8a77-af2763be74ac	6/11/13	6/11/13
TCGA-D3-A5GU-10A-01D-A27N-08	C828.TCGA-D3-A5GU-10A-01D-A27N-08.3.bam	01c23f6acc934c282dd286cdad1911cf	d67d6f27-bcef-470a-a23a-7d61697e1954	6/11/13	6/12/13
TCGA-D3-A5GU-06A-11D-A27K-08	C828.TCGA-D3-A5GU-06A-11D-A27K-08.3.bam	db967f73e38c6053766c2b32bb9778c1	3debb87a-8e49-46e6-8bc3-dfe2a12c6da6	6/12/13	6/12/13
TCGA-D9-A148-10A-01D-A19A-08	C828.TCGA-D9-A148-10A-01D-A19A-08.2.bam	0d594a90fd9f3e580f2326f7e997f84d	96da303a-6b0c-4b15-a25f-95e207b247c2	9/22/13	9/22/13
TCGA-D9-A148-06A-11D-A19A-08	C828.TCGA-D9-A148-06A-11D-A19A-08.2.bam	cac49c5a8478639a902e9518525fa035	b4b45fd1-57a5-4c81-8b58-309583f518db	9/22/13	9/22/13
TCGA-D9-A149-10A-01D-A198-08	C828.TCGA-D9-A149-10A-01D-A198-08.2.bam	3af7b83b6884e3e20593be2b20c2e50c	d4c5a2bd-0166-43ab-8617-b15ff3454fe4	9/22/13	9/22/13
TCGA-D9-A149-06A-11D-A196-08	C828.TCGA-D9-A149-06A-11D-A196-08.2.bam	12361c102382d1785ffdc67c07974634	d21b3aa1-2b67-4517-8138-583cf08169eb	9/22/13	9/22/13
TCGA-D9-A1JW-10A-01D-A19A-08	C828.TCGA-D9-A1JW-10A-01D-A19A-08.2.bam	75b429561135706bcee66eb9da3a9c66	b0e5d04b-8a81-4711-b7e3-a64f3f1356dc	9/22/13	9/22/13
TCGA-D9-A1JW-06A-11D-A19A-08	C828.TCGA-D9-A1JW-06A-11D-A19A-08.2.bam	26fe0429edfee92d470430baee338321	95d46610-7794-45a3-9c43-792a92a6cbf9	9/22/13	9/22/13
TCGA-D9-A1JX-10A-01D-A19A-08	C828.TCGA-D9-A1JX-10A-01D-A19A-08.2.bam	5df1c11826aa5ef76b589b47af79b8c3	635b9f6e-5de7-4193-a338-1b66c3d6a089	9/22/13	9/22/13
TCGA-D9-A1JX-06A-11D-A19A-08	C828.TCGA-D9-A1JX-06A-11D-A19A-08.2.bam	f9ab4da7235a14c6d905bd402a94ddc9	fa842e86-a5ba-42b2-bb1f-584a3ea1965f	9/22/13	9/22/13
TCGA-D9-A3Z1-10A-01D-A23B-08	C828.TCGA-D9-A3Z1-10A-01D-A23B-08.1.bam	66d24f7c485f4c38ff4abcf4e01e7082	4eb80339-ee85-40b1-9a60-be94bdef84e5	12/25/12	5/16/13
TCGA-D9-A3Z1-06A-11D-A23B-08	C828.TCGA-D9-A3Z1-06A-11D-A23B-08.1.bam	dc4010a123b56182d3925acb09bddfe7	1aff350c-99f5-45ca-842b-59427e9fc36e	12/25/12	5/16/13
TCGA-D9-A3Z3-10A-01D-A23B-08	C828.TCGA-D9-A3Z3-10A-01D-A23B-08.1.bam	a1ed2b14713620aa4117a74270c9308a	8073d3ad-56d0-4b0f-9805-c4b2b82bc5b4	12/25/12	5/16/13
TCGA-D9-A3Z3-06A-11D-A23B-08	C828.TCGA-D9-A3Z3-06A-11D-A23B-08.1.bam	20efbe9c20523cc4a66de59dd7022e87	65112904-4d57-48c9-a776-1f6c0f7efb11	12/25/12	5/16/13
TCGA-D9-A3Z4-10A-01D-A23B-08	C828.TCGA-D9-A3Z4-10A-01D-A23B-08.1.bam	b6f7e783303a29dd0f7001b2d641a72b	19c8a38d-c0be-4689-8c3e-cff003e48c61	12/25/12	5/16/13
TCGA-D9-A3Z4-01A-11D-A23B-08	C828.TCGA-D9-A3Z4-01A-11D-A23B-08.1.bam	34504b4f2d0a7fd9df47e0748194c09a	12c7b852-a110-4bfa-a0ac-c8bef8d58adb	12/25/12	5/16/13
TCGA-D9-A4Z2-10A-01D-A24R-08	C828.TCGA-D9-A4Z2-10A-01D-A24R-08.3.bam	26f5449b9910d39b3ab5f707b423a960	092fbfbf-8d4a-4b64-b8b8-7d484492b1dc	4/22/13	5/16/13
TCGA-D9-A4Z2-01A-11D-A24R-08	C828.TCGA-D9-A4Z2-01A-11D-A24R-08.3.bam	1bf4209fe0a3b23858442b6acf1f48a9	06176b1c-d77d-42d9-8d40-e053037cea73	4/22/13	5/16/13
TCGA-D9-A4Z3-10A-01D-A25O-08	C828.TCGA-D9-A4Z3-10A-01D-A25O-08.3.bam	603aaf286f3d19915436ca78bc183fa4	ec9df209-3528-4f34-9e3c-1e9395fd8134	5/2/13	5/16/13
TCGA-D9-A4Z3-01A-11D-A25O-08	C828.TCGA-D9-A4Z3-01A-11D-A25O-08.3.bam	5f61b7f5cad33c98630698e7867c737f	992c020a-9b1d-4dad-92ec-55fc06420b4b	5/2/13	5/16/13
TCGA-D9-A4Z5-10A-01D-A25O-08	C828.TCGA-D9-A4Z5-10A-01D-A25O-08.3.bam	da825c3c8ffde30788aa3bb5d0868727	42d78f41-422f-4310-8307-223f69ae4bb0	5/2/13	5/16/13
TCGA-D9-A4Z5-01A-11D-A25O-08	C828.TCGA-D9-A4Z5-01A-11D-A25O-08.3.bam	835a9efa49315c30943d22ee80d361da	f78d6337-2579-4684-94a1-fda90d397988	5/2/13	5/16/13
TCGA-DA-A1HV-10A-01D-A198-08	C828.TCGA-DA-A1HV-10A-01D-A198-08.2.bam	dd5678ca00ae97b95fd499c4c9fe1ef6	24f8f151-c737-4c4c-8f95-b6eec2891055	9/22/13	9/22/13
TCGA-DA-A1HV-06A-21D-A196-08	C828.TCGA-DA-A1HV-06A-21D-A196-08.2.bam	06096158ee63bb0d7fa110d26da8dc29	13338172-86cd-481f-be14-91eece9795bb	9/22/13	9/22/13
TCGA-DA-A1HW-10A-01D-A19A-08	C828.TCGA-DA-A1HW-10A-01D-A19A-08.2.bam	3ce3990ef9607002fdb7d93daa12ecaa	fecabfc8-0169-4775-bdf3-d0a34d4cd143	9/22/13	9/22/13
TCGA-DA-A1HW-06A-11D-A19A-08	C828.TCGA-DA-A1HW-06A-11D-A19A-08.2.bam	689604114243f15d32f44c4c45a113ce	700a17e9-3324-4f99-9adc-b630bf495a4f	9/22/13	9/22/13
TCGA-DA-A1HY-10A-01D-A19A-08	C828.TCGA-DA-A1HY-10A-01D-A19A-08.3.bam	49fce5036450ef756a1ca61219ae5f6b	819f000d-c8ee-4705-87f4-015430ee5803	9/22/13	9/22/13
TCGA-DA-A1HY-06A-11D-A19A-08	C828.TCGA-DA-A1HY-06A-11D-A19A-08.3.bam	396a3cd7170db07b3477fed5efbe511c	b1d4071d-5b7e-4f36-a478-c11229bccd66	9/22/13	9/22/13
TCGA-DA-A1I0-10B-01D-A20D-08	C828.TCGA-DA-A1I0-10B-01D-A20D-08.1.bam	07804b6ee03a4da73cd98b2d1d652356	3fa0a4ac-4b58-4bb2-b464-8d4725ca1265	9/7/12	5/16/13
TCGA-DA-A1I0-06A-11D-A20D-08	C828.TCGA-DA-A1I0-06A-11D-A20D-08.1.bam	19c27957120bd24d34d5b6f19c6610ea	b3156a4c-2489-44af-8402-ca7004ef43c7	9/7/12	5/16/13
TCGA-DA-A1I1-10A-01D-A198-08	C828.TCGA-DA-A1I1-10A-01D-A198-08.2.bam	2587f99f5d9cafa42cac1d538703f23f	7fee5a6d-4bf8-4ea4-acce-874f4b73510e	9/22/13	9/22/13
TCGA-DA-A1I1-06A-12D-A196-08	C828.TCGA-DA-A1I1-06A-12D-A196-08.2.bam	47bf47269e8e0c2cc31bd7a3675d30f6	f39990a0-e0b9-446a-a26b-65dc25113cc0	9/22/13	9/22/13
TCGA-DA-A1I2-10A-01D-A19A-08	C828.TCGA-DA-A1I2-10A-01D-A19A-08.2.bam	275a694837ee9ad5fdc3e2f5bbc43b18	173e2f99-4c28-42bb-be8a-7d9898a07d6c	9/22/13	9/22/13
TCGA-DA-A1I2-06A-21D-A19A-08	C828.TCGA-DA-A1I2-06A-21D-A19A-08.2.bam	9a01b9a77a0d17d8bdde366030013615	c07eb72c-68ed-4ce1-8c56-7040d1f8e1cb	9/22/13	9/22/13
TCGA-DA-A1I4-10A-01D-A198-08	C828.TCGA-DA-A1I4-10A-01D-A198-08.2.bam	6f430c79c510e068afe9cc62b2ef528e	5e9503a6-32db-4a09-a4b8-fef93e0d6e9b	9/22/13	9/22/13
TCGA-DA-A1I4-06A-11D-A196-08	C828.TCGA-DA-A1I4-06A-11D-A196-08.2.bam	e80ed5f0b08252bab4ee8c02975a3a4c	eb7ade04-ec6b-4436-8668-e20cc15f1464	9/22/13	9/22/13
TCGA-DA-A1I5-10A-01D-A199-08	C828.TCGA-DA-A1I5-10A-01D-A199-08.2.bam	ab98b9c21e2c53f79810b4f6c5b8e13e	19957cb3-9099-4774-9f10-27a9ceafe4eb	9/22/13	9/22/13
TCGA-DA-A1I5-06A-11D-A197-08	C828.TCGA-DA-A1I5-06A-11D-A197-08.2.bam	b31653fe4722695780410565c7df58cd	f365223c-a639-4a21-bb6c-34e26e821dfb	9/22/13	9/22/13
TCGA-DA-A1I7-10A-01D-A199-08	C828.TCGA-DA-A1I7-10A-01D-A199-08.2.bam	49de4243a704726070d8026486dc4316	c24db039-bfa6-40e8-a26e-65d92c3e9325	9/22/13	9/22/13
TCGA-DA-A1I7-06A-22D-A197-08	C828.TCGA-DA-A1I7-06A-22D-A197-08.2.bam	8e108c2d92e30bee5fb7ae399acf414e	b2990093-46fa-4d4c-a466-d5bd34f8091a	9/22/13	9/22/13
TCGA-DA-A1I8-10A-01D-A199-08	C828.TCGA-DA-A1I8-10A-01D-A199-08.2.bam	fda2aaac92c773be51bca1b352a2ce99	c3b14ab3-ec02-42c4-b243-2eb5e9fc0226	9/22/13	9/22/13
TCGA-DA-A1I8-06A-11D-A197-08	C828.TCGA-DA-A1I8-06A-11D-A197-08.2.bam	a4202d219d0db636ad20bce4e06d9f79	d95a5af7-c9b6-48bf-a19d-1befc7d7f510	9/22/13	9/22/13
TCGA-DA-A1IA-10A-01D-A198-08	C828.TCGA-DA-A1IA-10A-01D-A198-08.3.bam	ea3d24e7ab5ca494e8c3cf1c28cc9b06	243575d2-b624-4751-8c5f-722c2422891a	9/22/13	9/22/13
TCGA-DA-A1IA-06A-11D-A196-08	C828.TCGA-DA-A1IA-06A-11D-A196-08.3.bam	ee55ef9630ca618924471b180a4d95ac	b06416e5-0ebe-4a71-9859-6818b7c0f74b	9/22/13	9/22/13
TCGA-DA-A1IB-10A-01D-A198-08	C828.TCGA-DA-A1IB-10A-01D-A198-08.2.bam	c1c9996a483f41fdd0d1583d421fabd4	58d97bcd-a3ed-492c-9450-3934cb7d1560	9/22/13	9/22/13
TCGA-DA-A1IB-06A-11D-A196-08	C828.TCGA-DA-A1IB-06A-11D-A196-08.2.bam	129046b8ca42691e45869b4a2b1464b4	7eb95d02-7c3b-4f04-b945-b41844729406	9/22/13	9/22/13
TCGA-DA-A1IC-10A-01D-A199-08	C828.TCGA-DA-A1IC-10A-01D-A199-08.3.bam	04554461643a199f1d5a12820fce05e1	476345cc-2f0e-414c-8732-c1133973b6eb	9/22/13	9/22/13
TCGA-DA-A1IC-06A-11D-A197-08	C828.TCGA-DA-A1IC-06A-11D-A197-08.3.bam	58d8ade57c0e08fe0a994d8c853c710f	0512a997-9b57-4e9c-a34c-053d1efc7398	9/22/13	9/22/13
TCGA-DA-A3F2-10A-01D-A20D-08	C828.TCGA-DA-A3F2-10A-01D-A20D-08.1.bam	35c92e2d5cd676ca3fa197d8b2735649	8549f85f-9ba9-4844-818e-088c6c108cdb	9/7/12	5/16/13
TCGA-DA-A3F2-06A-11D-A20D-08	C828.TCGA-DA-A3F2-06A-11D-A20D-08.1.bam	f65c77ef7838e82681bff17366db22e3	d680069f-d9ee-4166-a00f-bb134fb43a69	9/7/12	5/16/13
TCGA-DA-A3F3-10A-01D-A20D-08	C828.TCGA-DA-A3F3-10A-01D-A20D-08.1.bam	2e000c94c82bc9e1f84fd188affdccd4	c8765f2b-b7e1-4d26-a4ad-f6ccd7c28080	9/7/12	5/16/13
TCGA-DA-A3F3-06A-11D-A20D-08	C828.TCGA-DA-A3F3-06A-11D-A20D-08.1.bam	33318778c73c7191ed9326af2f3e38b0	ef86ec3f-b6ab-48f0-b497-a6c426baeb49	9/8/12	5/16/13
TCGA-DA-A3F5-10A-01D-A20D-08	C828.TCGA-DA-A3F5-10A-01D-A20D-08.1.bam	94e6584cc023ae9df1a9702a9b690d29	2338025f-b592-4897-bea4-55ab59e1d81a	9/8/12	5/16/13
TCGA-DA-A3F5-06A-11D-A20D-08	C828.TCGA-DA-A3F5-06A-11D-A20D-08.1.bam	f6e1d0a4152e0d569cbf65b233258d03	05f3932a-6849-4b54-8218-4aa8a5f57be3	9/8/12	5/16/13
TCGA-DA-A3F8-10A-01D-A20D-08	C828.TCGA-DA-A3F8-10A-01D-A20D-08.1.bam	2576d1efcb7d165f316c89df8a8cef10	8c69232e-356a-47b1-b40b-4d9087f29fd7	9/7/12	5/16/13
TCGA-DA-A3F8-06A-11D-A20D-08	C828.TCGA-DA-A3F8-06A-11D-A20D-08.1.bam	d24705b06c3b4ac0201158f074309b78	04991088-d8e8-47b4-83f4-442d59eb1ce1	9/7/12	5/16/13
TCGA-EB-A1NK-10A-01D-A198-08	C828.TCGA-EB-A1NK-10A-01D-A198-08.2.bam	16637761b1e331e3702c145d3f72b6d7	cf168c62-5eda-4771-8751-4ce221cc78f4	9/22/13	9/22/13
TCGA-EB-A1NK-01A-11D-A196-08	C828.TCGA-EB-A1NK-01A-11D-A196-08.2.bam	6b145b7ca53aa3d32d02cbfc50d918e0	8baf5458-3635-40dc-bfbb-46f190f81871	9/22/13	9/22/13
TCGA-EB-A24C-10A-01D-A199-08	C828.TCGA-EB-A24C-10A-01D-A199-08.2.bam	b0dc73efd805cf96e4b8445155e152b4	e64c721d-1f81-49a8-ae3a-fd82d4172993	9/22/13	9/22/13
TCGA-EB-A24C-01A-11D-A197-08	C828.TCGA-EB-A24C-01A-11D-A197-08.2.bam	8a6942cdda204f92ea020db321b36d42	76bc36d1-6604-4f59-a4c4-cd91cb27d2ab	9/22/13	9/22/13
TCGA-EB-A24D-10A-01D-A199-08	C828.TCGA-EB-A24D-10A-01D-A199-08.2.bam	e51c4039a0fc524e9f8f3f2e52fd2d28	755423a0-6b41-4dfe-b9e8-f734dfce3b85	9/22/13	9/22/13
TCGA-EB-A24D-01A-11D-A197-08	C828.TCGA-EB-A24D-01A-11D-A197-08.2.bam	8008390e6a5f00bfd9fa60637740792d	cc09b079-3195-4ec1-98e7-bd91a2e26b85	9/22/13	9/22/13
TCGA-EB-A299-10A-01D-A199-08	C828.TCGA-EB-A299-10A-01D-A199-08.2.bam	e0df94cacfc8a22a3d429b6e8757d691	136dc316-686f-4913-aaa7-04132dc33570	9/22/13	9/22/13
TCGA-EB-A299-01A-21D-A197-08	C828.TCGA-EB-A299-01A-21D-A197-08.2.bam	8635fd14f4bd2ed9303a3f6b9353aacb	4eac8684-1ede-45fd-8ef1-c2274a39e7cf	9/22/13	9/22/13
TCGA-EB-A3HV-10B-01D-A21A-08	C828.TCGA-EB-A3HV-10B-01D-A21A-08.2.bam	640aa0e08029f4f5fd5a572b6d70707f	1287410a-259d-4e1d-bc68-d8c522053615	9/23/13	9/24/13
TCGA-EB-A3HV-01A-11D-A21A-08	C828.TCGA-EB-A3HV-01A-11D-A21A-08.2.bam	4cb288119de60c44397125dd91540bce	5dcb468b-4b60-4fda-a4b5-9884bdd2395f	9/22/13	9/22/13
TCGA-EB-A3XB-10B-01D-A23B-08	C828.TCGA-EB-A3XB-10B-01D-A23B-08.1.bam	ea65f3122781715a37de8760238c4d0a	fdc26d95-261f-451b-85dc-c93ac544e887	12/25/12	5/16/13
TCGA-EB-A3XB-01A-11D-A23B-08	C828.TCGA-EB-A3XB-01A-11D-A23B-08.1.bam	d5d3057a4d144ac567889706d24ddc22	21e01a68-53c5-47e4-bb05-923a6fd7baf0	12/25/12	5/16/13
TCGA-EB-A3XC-10A-01D-A23B-08	C828.TCGA-EB-A3XC-10A-01D-A23B-08.1.bam	c5546702dd2f19bab3016125a8508ec1	736401d4-7ad0-4f41-98ce-2ae7b4ecb41c	12/25/12	5/16/13
TCGA-EB-A3XC-01A-11D-A23B-08	C828.TCGA-EB-A3XC-01A-11D-A23B-08.1.bam	906f0c7af2f9176189fe9e592cae52c8	cde3dc8e-91ff-4e83-a24b-12e4d4585de7	12/25/12	5/16/13
TCGA-EB-A3XD-10A-01D-A23B-08	C828.TCGA-EB-A3XD-10A-01D-A23B-08.1.bam	6581222ff2d6e8bc61d63169696915ea	ca6f79da-ee7b-4337-9d08-8691365e2c32	12/25/12	5/16/13
TCGA-EB-A3XD-01A-22D-A23B-08	C828.TCGA-EB-A3XD-01A-22D-A23B-08.1.bam	7eb57d8f9bd063daa9f53fed7e09ec81	43260134-b5db-4131-a96b-0d749fb44ad1	12/25/12	5/16/13
TCGA-EB-A3XE-10A-01D-A23B-08	C828.TCGA-EB-A3XE-10A-01D-A23B-08.1.bam	df0e0fc91803740b30614e09b8edc270	3c5befbd-6d9f-454f-8b44-0c29a09017f2	12/25/12	5/16/13
TCGA-EB-A3XE-01A-12D-A23B-08	C828.TCGA-EB-A3XE-01A-12D-A23B-08.1.bam	86e31d3255dbeb031b2d4b30d00f2a27	cfff5c69-15fd-4fc1-92f3-11e43a68ade7	12/25/12	5/16/13
TCGA-EB-A3Y6-10A-01D-A23B-08	C828.TCGA-EB-A3Y6-10A-01D-A23B-08.1.bam	3f7ac4d51ed5db7ac812047be5d57495	8b749fc3-cb52-4ea5-a2b2-73cc3cc0d901	12/25/12	5/16/13
TCGA-EB-A3Y6-01A-21D-A23B-08	C828.TCGA-EB-A3Y6-01A-21D-A23B-08.1.bam	d02391cdc06c92538cf402818cb04030	549f8561-43f4-49a1-856c-9def0cb27b2e	12/25/12	5/16/13
TCGA-EB-A3Y7-10A-01D-A23B-08	C828.TCGA-EB-A3Y7-10A-01D-A23B-08.1.bam	31bd7a07df9f44c7cc04d9515c5298bd	b5393b67-f81c-4bb2-b771-2a97829a196a	12/25/12	5/16/13
TCGA-EB-A3Y7-01A-11D-A23B-08	C828.TCGA-EB-A3Y7-01A-11D-A23B-08.1.bam	6792af8575d0c34a534e07e20f297ec5	051468ba-6d5b-44b8-890e-c3c157dd0aa9	12/25/12	5/16/13
TCGA-EB-A41A-10A-01D-A24R-08	C828.TCGA-EB-A41A-10A-01D-A24R-08.3.bam	8304b9dff26cbf5188516781e0285da6	9217f4ba-edf7-47d5-8069-9ca063021102	4/22/13	5/16/13
TCGA-EB-A41A-01A-11D-A24R-08	C828.TCGA-EB-A41A-01A-11D-A24R-08.3.bam	d4049d00c3163d0a5815714efb54f240	aeb81b24-4916-4575-8a70-00036755a3b5	4/22/13	5/16/13
TCGA-EB-A41B-10A-01D-A24R-08	C828.TCGA-EB-A41B-10A-01D-A24R-08.3.bam	8e6cb7756eeba65c6c6a33f9dcef812f	35fdfedb-4667-4cdc-af6a-c64fec3d7870	4/22/13	5/16/13
TCGA-EB-A41B-01A-11D-A24R-08	C828.TCGA-EB-A41B-01A-11D-A24R-08.3.bam	ff56155a3b9db2974042c7b522243a30	cb466477-0f1b-4e01-91bc-0d9aa38a78db	4/22/13	5/16/13
TCGA-EB-A42Y-10A-01D-A24R-08	C828.TCGA-EB-A42Y-10A-01D-A24R-08.3.bam	45cf8e222389c5c67267d67420d3b643	fa1b5b47-7c62-461d-be81-e4d12a88f12d	4/22/13	5/16/13
TCGA-EB-A42Y-01A-12D-A24R-08	C828.TCGA-EB-A42Y-01A-12D-A24R-08.3.bam	4b37ab61376228f00399c8974fb1ac1e	6ab18d3c-41c1-48b9-9f4a-137953e6d170	4/22/13	5/16/13
TCGA-EB-A42Z-10A-01D-A24R-08	C828.TCGA-EB-A42Z-10A-01D-A24R-08.3.bam	60925962a51810fe3621be57ac9a17cc	7aab3864-783c-4451-8ac4-0a466243198f	4/22/13	5/16/13
TCGA-EB-A42Z-01A-12D-A24R-08	C828.TCGA-EB-A42Z-01A-12D-A24R-08.3.bam	5ed706ef9ba472191c8dd46b78b0ef39	a84dba05-83b8-4d4a-9040-8bc1b6a00db9	4/22/13	5/16/13
TCGA-EB-A430-10A-01D-A24R-08	C828.TCGA-EB-A430-10A-01D-A24R-08.3.bam	e092bc81e66bbcd6985d1b18e76b065f	77870891-b546-4167-95f9-a8123430a355	4/22/13	5/16/13
TCGA-EB-A430-01A-11D-A24R-08	C828.TCGA-EB-A430-01A-11D-A24R-08.3.bam	78cab730783e85cc3828a7627e68abe2	0eda0490-662f-4e7c-a415-deeee13cd747	4/22/13	5/16/13
TCGA-EB-A431-10A-01D-A25O-08	C828.TCGA-EB-A431-10A-01D-A25O-08.3.bam	ef565829e6820c433fc5a74d2deb3021	0f89e7a3-5501-4f46-bf65-71936f45a2f2	5/2/13	5/16/13
TCGA-EB-A431-01A-11D-A25O-08	C828.TCGA-EB-A431-01A-11D-A25O-08.3.bam	ede4b9db5ee7f4c55f6a529e9dee9d62	a312d95a-3528-4bef-9ca7-b559ede4e41f	5/2/13	5/16/13
TCGA-EB-A44N-10A-01D-A25O-08	C828.TCGA-EB-A44N-10A-01D-A25O-08.3.bam	bee9b6da609142d0c9cbf1344288ff67	3164b8a3-6adf-4221-aaec-696cdaf3df46	5/2/13	5/16/13
TCGA-EB-A44N-01A-11D-A25O-08	C828.TCGA-EB-A44N-01A-11D-A25O-08.3.bam	a53c38139637d6b427172d758dfc9689	3a8ee256-ece5-4580-9e16-31cbfa658923	5/2/13	5/16/13
TCGA-EB-A44O-10A-01D-A25O-08	C828.TCGA-EB-A44O-10A-01D-A25O-08.3.bam	fd6b0650df1a73ff195430d37a99e704	8d210da0-528a-44dd-a6f8-04346d952b43	5/2/13	5/16/13
TCGA-EB-A44O-01A-11D-A25O-08	C828.TCGA-EB-A44O-01A-11D-A25O-08.3.bam	48551c7ddaf9b9327eeaf8f786dc64f9	ca615092-28ff-43ca-bf88-251288f8f051	5/2/13	5/16/13
TCGA-EB-A44P-10A-01D-A25O-08	C828.TCGA-EB-A44P-10A-01D-A25O-08.1.bam	49aff1cba06565ae62f606bd76356a8b	a3dec081-8cfc-4170-8338-4a2a98176899	8/20/13	8/20/13
TCGA-EB-A44P-01A-11D-A25O-08	C828.TCGA-EB-A44P-01A-11D-A25O-08.4.bam	46684b91b506f55361caacda67e71b38	d8991924-af12-4307-b24a-54d4a57d333a	9/23/13	9/23/13
TCGA-EB-A44Q-10A-01D-A25O-08	C828.TCGA-EB-A44Q-10A-01D-A25O-08.3.bam	475136e7d891bf076b3a97cfe7d10eca	fd8df274-b9cc-401e-ac58-b339efafe336	5/2/13	5/16/13
TCGA-EB-A44Q-06A-11D-A25O-08	C828.TCGA-EB-A44Q-06A-11D-A25O-08.3.bam	ce11c149e0d2f9eff491b3a42bbd9ac2	1d227187-a678-45a1-8399-81b47b4914d4	5/2/13	5/16/13
TCGA-EB-A44R-10A-01D-A25O-08	C828.TCGA-EB-A44R-10A-01D-A25O-08.3.bam	9821ee0afd7300da8ff0d63e015d08aa	2b66a7fb-4e56-455d-a8ba-1e8f32820eee	5/2/13	5/16/13
TCGA-EB-A44R-06A-41D-A25O-08	C828.TCGA-EB-A44R-06A-41D-A25O-08.3.bam	3a3b9ddb6d7df105860431a99795fc6c	b5d80a62-6f49-4e34-ba1f-3938b834f099	5/2/13	5/16/13
TCGA-EB-A4IQ-10A-01D-A25O-08	C828.TCGA-EB-A4IQ-10A-01D-A25O-08.3.bam	3c2aec3e9b5cffb3b61a9b21463478a4	7225c62f-d288-48e7-bca7-0b656c86aaba	5/2/13	5/16/13
TCGA-EB-A4IQ-01A-12D-A25O-08	C828.TCGA-EB-A4IQ-01A-12D-A25O-08.3.bam	ac9b224a0394c9bed4564347b900c653	6e5fd5cf-145d-492e-9f76-bfe368b57ebe	5/2/13	5/16/13
TCGA-EB-A4IS-10A-01D-A25O-08	C828.TCGA-EB-A4IS-10A-01D-A25O-08.3.bam	346debe695f34406a9997a4582fb8eed	42b46108-0155-4854-a3e3-fa3013836305	5/2/13	5/16/13
TCGA-EB-A4IS-01A-21D-A25O-08	C828.TCGA-EB-A4IS-01A-21D-A25O-08.3.bam	3e5fb331f5f8f3a36ec690387edc3949	cd410bc6-614e-4947-9428-7496426d2697	5/2/13	5/16/13
TCGA-EB-A4OY-10A-01D-A25O-08	C828.TCGA-EB-A4OY-10A-01D-A25O-08.3.bam	4375a8676f55aa0c88621eb2b015bd4b	c7397ba4-8866-469f-bdcf-438a1029b946	5/2/13	5/16/13
TCGA-EB-A4OY-01A-11D-A25O-08	C828.TCGA-EB-A4OY-01A-11D-A25O-08.3.bam	6395812565a77bac740efc88e7238c08	003516ca-3970-47ec-b16e-9ae67cb16f4b	5/2/13	5/16/13
TCGA-EB-A4OZ-10A-01D-A25O-08	C828.TCGA-EB-A4OZ-10A-01D-A25O-08.3.bam	9dcf7505c04e9c5ce42f68b34f89cbe5	8b4c0e76-b827-4fc0-95a6-7bf9efb2661f	5/2/13	5/16/13
TCGA-EB-A4OZ-01A-12D-A25O-08	C828.TCGA-EB-A4OZ-01A-12D-A25O-08.3.bam	88c00d6766b248766b9e2e9b4bf8ffee	cb09e4fd-a18d-4482-9e91-b072416d553a	6/8/13	6/8/13
TCGA-EB-A4P0-10A-01D-A25O-08	C828.TCGA-EB-A4P0-10A-01D-A25O-08.3.bam	4700ff8fc4962709826f6f0e6d010471	434dc78f-1c06-4a43-802a-57bcc3a1b9be	5/2/13	5/16/13
TCGA-EB-A4P0-01A-41D-A25O-08	C828.TCGA-EB-A4P0-01A-41D-A25O-08.4.bam	a858f985a92e38b47d0ca19f67702f43	c4a576a8-97e9-487b-8f1e-961802e8d107	5/2/13	5/16/13
TCGA-EB-A551-10A-01D-A27N-08	C828.TCGA-EB-A551-10A-01D-A27N-08.3.bam	6cc643147fb43595442db3e14e831c67	2e26795a-7055-41f9-95c9-d7e67053b1bc	6/12/13	6/12/13
TCGA-EB-A551-01A-21D-A27K-08	C828.TCGA-EB-A551-01A-21D-A27K-08.3.bam	7583bf557edcae6f7e863e379c9a8c70	6f6727bf-550d-4162-bd24-8c6db14eae21	6/11/13	6/12/13
TCGA-EB-A553-10A-01D-A27N-08	C828.TCGA-EB-A553-10A-01D-A27N-08.3.bam	14a5f3579da49d979a59d9b83aed8201	dbc10c83-d865-4ddf-b085-6a237d5bcd3d	6/11/13	6/11/13
TCGA-EB-A553-01A-12D-A27K-08	C828.TCGA-EB-A553-01A-12D-A27K-08.3.bam	b3292f5ad83e19efd181513ad6773ad6	7fa94de1-6d1e-4ffd-b3cb-adeda163e023	6/12/13	6/12/13
TCGA-EE-A17X-10A-01D-A199-08	C828.TCGA-EE-A17X-10A-01D-A199-08.2.bam	1469570dbad347af9e627697da16df1d	087a0a96-7dde-4ff2-a56c-22fbcb23432f	9/22/13	9/22/13
TCGA-EE-A17X-06A-11D-A197-08	C828.TCGA-EE-A17X-06A-11D-A197-08.2.bam	81034626367cd1b9ee2271ac28a9b970	04c93901-cd90-4c03-a941-36ff08b87fd6	9/22/13	9/22/13
TCGA-EE-A17Y-10B-01D-A198-08	C828.TCGA-EE-A17Y-10B-01D-A198-08.3.bam	06b9d0b24c8007f1fe7012969073776a	a5bf7244-ff71-4e93-8f46-c958ba224493	9/22/13	9/22/13
TCGA-EE-A17Y-06A-11D-A196-08	C828.TCGA-EE-A17Y-06A-11D-A196-08.3.bam	3eaecd23ffe72990c1a466c7059c548a	67e0f438-af12-44e5-b1fd-7de6c98b120e	9/22/13	9/22/13
TCGA-EE-A17Z-10A-01D-A198-08	C828.TCGA-EE-A17Z-10A-01D-A198-08.3.bam	4608f471e8aa2a6a33bded8371baa8c3	6c94bdaa-c8d2-4b08-bd06-cd1aa9d295ee	9/22/13	9/22/13
TCGA-EE-A17Z-06A-11D-A196-08	C828.TCGA-EE-A17Z-06A-11D-A196-08.3.bam	7ae7f90f619bdca4a7b7a9858d48a31d	3440829c-fcbe-4782-b708-df3121afc6eb	9/22/13	9/22/13
TCGA-EE-A180-10B-01D-A21A-08	C828.TCGA-EE-A180-10B-01D-A21A-08.2.bam	033617da5dc4a96278f79bc22389c003	a7918684-2803-4a82-9681-f602adec33da	9/23/13	9/24/13
TCGA-EE-A180-06A-11D-A21A-08	C828.TCGA-EE-A180-06A-11D-A21A-08.2.bam	f7ebfb677cf97192b3c5a3b127d45953	a19c5223-b9ed-43c1-88fd-dbf5e0ab36c7	9/22/13	9/22/13
TCGA-EE-A181-10A-01D-A198-08	C828.TCGA-EE-A181-10A-01D-A198-08.2.bam	5511925d8da610c09de3bb09ac6bf911	d95477ef-ae2c-4ba0-bcc2-80a273088281	9/22/13	9/22/13
TCGA-EE-A181-06A-11D-A196-08	C828.TCGA-EE-A181-06A-11D-A196-08.2.bam	c733926f0cec8c742348b6dc4246abae	235f4711-d7b6-4cfc-8be5-060f9d61b3c1	9/22/13	9/22/13
TCGA-EE-A182-10A-01D-A198-08	C828.TCGA-EE-A182-10A-01D-A198-08.2.bam	fce306c90f7c521b8ff4ba75e24307a6	cba50096-0759-41e0-a15a-1267a9b7f56e	9/22/13	9/22/13
TCGA-EE-A182-06A-11D-A196-08	C828.TCGA-EE-A182-06A-11D-A196-08.2.bam	24686c74b4bbe00f0596e2b41daccd47	dde1e759-93df-4808-bd05-43c0ecef6988	9/22/13	9/22/13
TCGA-EE-A183-10A-01D-A198-08	C828.TCGA-EE-A183-10A-01D-A198-08.2.bam	b0d1a41b7352e5eaf311e7cc0c750aa2	11501077-cfbe-4346-93de-288bd160b817	9/22/13	9/22/13
TCGA-EE-A183-06A-11D-A196-08	C828.TCGA-EE-A183-06A-11D-A196-08.2.bam	283040f8b85ffcee3559194a85b8e8ae	901f19ab-75ba-433f-8e3f-740c2b310c6a	9/22/13	9/22/13
TCGA-EE-A184-10B-01D-A198-08	C828.TCGA-EE-A184-10B-01D-A198-08.3.bam	2e27c10fdc003d049983d668bf554b69	9bed632c-96c7-4159-838d-93fd5a20d7fb	9/22/13	9/22/13
TCGA-EE-A184-06A-11D-A196-08	C828.TCGA-EE-A184-06A-11D-A196-08.3.bam	1482abe6d15019ea20b444fd5c55267c	b0587f74-b619-4891-ae4e-156f2d37f2d6	9/22/13	9/22/13
TCGA-EE-A185-10A-01D-A198-08	C828.TCGA-EE-A185-10A-01D-A198-08.2.bam	071a19f7a710fd2907e7131ffd967b91	d270277b-3bf6-43a0-a196-9b807bf3dfb0	9/22/13	9/22/13
TCGA-EE-A185-06A-11D-A196-08	C828.TCGA-EE-A185-06A-11D-A196-08.2.bam	2fde6e88c2292b1b68d649f24d891ebd	1b527acd-ce54-4816-8ee9-45751f0c366f	9/22/13	9/22/13
TCGA-EE-A20B-10A-01D-A198-08	C828.TCGA-EE-A20B-10A-01D-A198-08.3.bam	deb132da8158ff79be17a142d1be4daf	43a25004-29ba-47ab-8eb0-da2593983223	9/22/13	9/22/13
TCGA-EE-A20B-06A-11D-A196-08	C828.TCGA-EE-A20B-06A-11D-A196-08.3.bam	9f24992007a75a22d04f305d40b798ce	11df169e-f74a-433b-b3e1-807da196c61c	9/22/13	9/22/13
TCGA-EE-A20C-10A-01D-A198-08	C828.TCGA-EE-A20C-10A-01D-A198-08.2.bam	3421071ab04ca70479781ae66b8be8fe	239572c4-2c67-4ecb-847f-49cd3c0e5213	9/22/13	9/22/13
TCGA-EE-A20C-06A-11D-A196-08	C828.TCGA-EE-A20C-06A-11D-A196-08.2.bam	946c83576cc1778bffd24ff5e236b8ee	c46756bd-c1a0-4c65-9bb5-f08e66e32d98	9/22/13	9/22/13
TCGA-EE-A20F-10A-01D-A198-08	C828.TCGA-EE-A20F-10A-01D-A198-08.3.bam	e44fd6dcde4025179723f02da8d3eb6c	5ebbd329-efce-4223-90da-d7521149d18f	9/22/13	9/22/13
TCGA-EE-A20F-06A-21D-A196-08	C828.TCGA-EE-A20F-06A-21D-A196-08.3.bam	5539ad41204ca3a391dde2b3cca71ff2	44c8a0fd-e56e-4098-a6bb-786501e9da98	9/22/13	9/22/13
TCGA-EE-A20H-10A-01D-A199-08	C828.TCGA-EE-A20H-10A-01D-A199-08.2.bam	db825bbffa86d318d1fb527a779b2e69	4cd29c78-c135-4182-889d-ca7c461b7450	9/22/13	9/22/13
TCGA-EE-A20H-06A-11D-A197-08	C828.TCGA-EE-A20H-06A-11D-A197-08.2.bam	e7be03537a28c0368d78092ff0bc91c4	c4d5bcf2-37b3-4285-a695-35f61e767228	9/22/13	9/22/13
TCGA-EE-A20I-10A-01D-A198-08	C828.TCGA-EE-A20I-10A-01D-A198-08.2.bam	0b09b7feb4996cc09ece2152c6913311	4a8ab40b-523d-4992-ac4a-5614a5df2855	9/22/13	9/22/13
TCGA-EE-A20I-06A-11D-A196-08	C828.TCGA-EE-A20I-06A-11D-A196-08.2.bam	eb143a7798add1128fdbf81c59d48659	4c144230-92f8-4017-9bfc-755f7d1c2db7	9/22/13	9/22/13
TCGA-EE-A29A-10A-01D-A198-08	C828.TCGA-EE-A29A-10A-01D-A198-08.3.bam	22730a4ce0fac78a83f66908a00becec	0876eb56-5b66-46b6-bcb4-ec624742a66c	9/22/13	9/22/13
TCGA-EE-A29A-06A-12D-A196-08	C828.TCGA-EE-A29A-06A-12D-A196-08.3.bam	86e7d49374eeacb5bb94f0317d657ed7	632311da-5790-4a26-b931-fa123e6258a8	9/22/13	9/22/13
TCGA-EE-A29B-10A-01D-A199-08	C828.TCGA-EE-A29B-10A-01D-A199-08.2.bam	03d945e60cc53ebdeeb4c6908f7ee355	746c0fc7-8c85-45e1-97bb-dafe6783a97a	9/22/13	9/22/13
TCGA-EE-A29B-06A-11D-A197-08	C828.TCGA-EE-A29B-06A-11D-A197-08.2.bam	71f9d8f5ed1fe1fde13684363aa47c6a	15618c58-0053-4714-91ab-c7cc0f372fce	9/22/13	9/22/13
TCGA-EE-A29C-10A-01D-A199-08	C828.TCGA-EE-A29C-10A-01D-A199-08.3.bam	d4fc695a061b33a0f9b9aea00f89225e	95b8a862-3daf-4995-a68d-48f43c614e18	9/22/13	9/22/13
TCGA-EE-A29C-06A-21D-A197-08	C828.TCGA-EE-A29C-06A-21D-A197-08.3.bam	7dec97ac205d177e18a20f60993f7653	f375db9a-1650-487a-913a-81a267224eb8	9/22/13	9/22/13
TCGA-EE-A29D-10A-01D-A199-08	C828.TCGA-EE-A29D-10A-01D-A199-08.2.bam	350395a9507c080270b37a398d017951	a0e46d5a-6804-46bd-b186-a4e14a7b03cc	9/22/13	9/22/13
TCGA-EE-A29D-06A-11D-A197-08	C828.TCGA-EE-A29D-06A-11D-A197-08.2.bam	8291ab307df6aa928c5f303969ecb2d2	50fcbf66-422f-4177-9d42-c0b4a5e17fd6	9/22/13	9/22/13
TCGA-EE-A29E-10A-01D-A199-08	C828.TCGA-EE-A29E-10A-01D-A199-08.3.bam	7dd7a6407cba673ac073a69c8175ff9c	c303b92c-f81e-4c3f-bd83-429c621d2955	9/22/13	9/22/13
TCGA-EE-A29E-06A-11D-A197-08	C828.TCGA-EE-A29E-06A-11D-A197-08.3.bam	5e6846ec65495114c1666b83f2dcb9fa	d26402c9-9cdb-441c-b628-944bb9a7b847	9/22/13	9/22/13
TCGA-EE-A29G-10A-01D-A198-08	C828.TCGA-EE-A29G-10A-01D-A198-08.3.bam	9af7a2fe8b838809a93628defb26e3ed	dc9fcb96-e244-47b9-8c26-ea66e4834f1f	9/22/13	9/22/13
TCGA-EE-A29G-06A-12D-A196-08	C828.TCGA-EE-A29G-06A-12D-A196-08.3.bam	a1527d3824a303a80eeb8a95c7a19e8d	5adc2713-0368-4e20-9015-70c6e4f8b0a5	9/22/13	9/22/13
TCGA-EE-A29H-10A-01D-A199-08	C828.TCGA-EE-A29H-10A-01D-A199-08.2.bam	0aa046fed30a5a35857f3aa8fadf760b	91e912d4-563d-4c45-9681-7dce1123ac6f	9/22/13	9/22/13
TCGA-EE-A29H-06A-12D-A197-08	C828.TCGA-EE-A29H-06A-12D-A197-08.2.bam	46494deb46c1bdef75f7c79d6db32d85	f45a80b2-cc81-4a89-85dc-e327ebdfe868	9/22/13	9/22/13
TCGA-EE-A29L-10A-01D-A198-08	C828.TCGA-EE-A29L-10A-01D-A198-08.3.bam	8a4d170ad2d52348ebfda9d6bd034b2a	f1896e7c-6cec-41e9-9723-6ee5f13475e7	9/22/13	9/22/13
TCGA-EE-A29L-06A-12D-A196-08	C828.TCGA-EE-A29L-06A-12D-A196-08.3.bam	eaa3232a9672f21118118672b565e73f	71550a6b-ec00-4e27-9a16-1c8bf39fd71a	9/22/13	9/22/13
TCGA-EE-A29M-10A-01D-A198-08	C828.TCGA-EE-A29M-10A-01D-A198-08.3.bam	07421eda659a3d443fed9cc7a3b7a9fc	ccb75d0b-3d82-4b2d-938f-9d1813d83785	9/22/13	9/22/13
TCGA-EE-A29M-06A-11D-A196-08	C828.TCGA-EE-A29M-06A-11D-A196-08.3.bam	be6eb7596180c0d2d44297e50894e778	37753069-d28c-4414-8810-5f1c59d4e437	9/22/13	9/22/13
TCGA-EE-A29N-10A-01D-A199-08	C828.TCGA-EE-A29N-10A-01D-A199-08.4.bam	3f76442adf3598d0da29934e0564a926	c1765ad3-bf63-4509-9d11-b4396d2ed525	9/22/13	9/22/13
TCGA-EE-A29N-06A-12D-A197-08	C828.TCGA-EE-A29N-06A-12D-A197-08.4.bam	eb8c19cc770f16ec126ae349c97dce35	ec995549-4641-428a-8fbc-0fcbc367aeb4	9/22/13	9/22/13
TCGA-EE-A29P-10A-01D-A199-08	C828.TCGA-EE-A29P-10A-01D-A199-08.3.bam	787a8f4c98acade229ead07636252a1a	d20d08bc-f9c6-42c5-8eaa-cdc5cabe4ea5	9/22/13	9/22/13
TCGA-EE-A29P-06A-11D-A197-08	C828.TCGA-EE-A29P-06A-11D-A197-08.3.bam	66ffb5035cf0c69f763a77e94bdbde1f	45282bf9-1a37-49ba-86dd-7d739e15bb76	9/22/13	9/22/13
TCGA-EE-A29Q-10A-01D-A199-08	C828.TCGA-EE-A29Q-10A-01D-A199-08.2.bam	5e28bbeeb0501ab934774eb92e1edde1	11fc4e36-5ab9-41ba-8034-9a9749ddc99f	9/22/13	9/22/13
TCGA-EE-A29Q-06A-11D-A197-08	C828.TCGA-EE-A29Q-06A-11D-A197-08.2.bam	592a1643989c1909e8403b6bfaf66265	c9847f52-3b94-4108-b0cd-ff93469628f4	9/22/13	9/22/13
TCGA-EE-A29R-10A-01D-A199-08	C828.TCGA-EE-A29R-10A-01D-A199-08.2.bam	8d8a3f39f325412747da30f4269c2ca8	779569af-9ec5-490f-8dac-19f71978cd37	9/22/13	9/22/13
TCGA-EE-A29R-06A-11D-A197-08	C828.TCGA-EE-A29R-06A-11D-A197-08.2.bam	91760941f27bd65dd90fefcb2dcb4796	7c887555-1503-4488-b4f6-d49c1857f12f	9/22/13	9/22/13
TCGA-EE-A29S-10A-01D-A199-08	C828.TCGA-EE-A29S-10A-01D-A199-08.3.bam	d15c0233391a4a03e0c64c9f9de29794	3d1578d6-200a-4e88-ae28-bb368f36db0b	9/22/13	9/22/13
TCGA-EE-A29S-06A-11D-A197-08	C828.TCGA-EE-A29S-06A-11D-A197-08.3.bam	aae1b28c0908cc70ad8c96f1dcd78988	02307935-078d-4429-b93f-8cea1b2a9d32	9/22/13	9/22/13
TCGA-EE-A29V-10A-01D-A199-08	C828.TCGA-EE-A29V-10A-01D-A199-08.3.bam	16b22df737a7e2235a130ff8bf1734d3	ed569480-6b98-4e9b-beb0-d8a08afc41fe	9/22/13	9/22/13
TCGA-EE-A29V-06A-12D-A197-08	C828.TCGA-EE-A29V-06A-12D-A197-08.3.bam	98cb2cbf4a718a129bcfe328a676a395	1497fb55-79e3-4b77-bfbe-3d384743485d	9/22/13	9/22/13
TCGA-EE-A29W-10A-01D-A198-08	C828.TCGA-EE-A29W-10A-01D-A198-08.2.bam	3a4d151e9d448383041f45bc07a16750	fec9d8ff-eb35-487b-8ca0-591620c03f68	9/22/13	9/22/13
TCGA-EE-A29W-06A-11D-A196-08	C828.TCGA-EE-A29W-06A-11D-A196-08.2.bam	67aba81c814d86812d82351ae27f2746	f60e329f-ca93-4472-ba7e-2e205405fe98	9/22/13	9/22/13
TCGA-EE-A29X-10A-01D-A198-08	C828.TCGA-EE-A29X-10A-01D-A198-08.3.bam	ffd90e03600303ce3f9af4e0cad0a9c0	8dabf697-8745-43c2-bc08-f67951ad1be7	9/22/13	9/22/13
TCGA-EE-A29X-06A-11D-A196-08	C828.TCGA-EE-A29X-06A-11D-A196-08.3.bam	1d8e241995857c2114d913c118f9be7d	cec77406-2ab8-439c-bae2-71d7afbcc7aa	9/22/13	9/22/13
TCGA-EE-A2A0-10A-01D-A198-08	C828.TCGA-EE-A2A0-10A-01D-A198-08.2.bam	8e853c85f8d7d78d07da7a26880ccc15	dda89ae6-529c-4362-9291-d966138cc896	9/22/13	9/22/13
TCGA-EE-A2A0-06A-11D-A196-08	C828.TCGA-EE-A2A0-06A-11D-A196-08.2.bam	06cf8996dc2a35a8ac686e558bcc4c21	28e1e745-bd01-43f1-9d01-4b0d4edb26a6	9/22/13	9/22/13
TCGA-EE-A2A1-10A-01D-A199-08	C828.TCGA-EE-A2A1-10A-01D-A199-08.2.bam	3a0f72d77a18c5c192c6ae29b96bfa2c	d1b9cdfe-4a20-4c3d-a455-bcad14b350c7	9/22/13	9/22/13
TCGA-EE-A2A1-06A-11D-A197-08	C828.TCGA-EE-A2A1-06A-11D-A197-08.2.bam	79ae13d87844570dff7bf2272f944ef0	49961f36-fa92-4bd5-a909-862c09715f1d	9/22/13	9/22/13
TCGA-EE-A2A2-10A-01D-A198-08	C828.TCGA-EE-A2A2-10A-01D-A198-08.2.bam	9fdc842397507896f0ed1ad333a4f984	ff9059dd-281f-4fe3-a3ec-d6ad4920b455	9/22/13	9/22/13
TCGA-EE-A2A2-06A-11D-A196-08	C828.TCGA-EE-A2A2-06A-11D-A196-08.2.bam	affbaf0d3b4686067538ed5bc64f1374	be5e98d5-1a60-4129-bc2e-a1ff34b33bab	9/22/13	9/22/13
TCGA-EE-A2A5-10A-01D-A199-08	C828.TCGA-EE-A2A5-10A-01D-A199-08.3.bam	9379cd851661ca35eabe8f108836bc54	24b375ff-27db-4ab2-90e5-5c674359bce1	9/22/13	9/22/13
TCGA-EE-A2A5-06A-11D-A197-08	C828.TCGA-EE-A2A5-06A-11D-A197-08.3.bam	10da8bd37df181d26d13d6e8f69ac6cb	407823f1-0444-4d1c-9568-81d755eb268c	9/22/13	9/22/13
TCGA-EE-A2A6-10A-01D-A199-08	C828.TCGA-EE-A2A6-10A-01D-A199-08.3.bam	1feb24cc6a278200cedcf6eecb3f32ff	f536c983-9dc7-489d-be57-35d3f00586d2	9/22/13	9/22/13
TCGA-EE-A2A6-06A-11D-A197-08	C828.TCGA-EE-A2A6-06A-11D-A197-08.3.bam	6c98f452662ac27ca9d447cbf749d035	81429f32-e8aa-45d4-9f2f-2f44af5efb2f	9/22/13	9/22/13
TCGA-EE-A2GB-10A-01D-A199-08	C828.TCGA-EE-A2GB-10A-01D-A199-08.3.bam	8616be2319ff083b4d751342501bbbb4	9a39c440-29ba-41eb-aadc-22558f9b17fb	9/22/13	9/22/13
TCGA-EE-A2GB-06A-11D-A197-08	C828.TCGA-EE-A2GB-06A-11D-A197-08.3.bam	5a83a6d21ada97dafa88403311f854ad	4d84d008-1844-401c-b3dd-d383c876e33c	9/22/13	9/22/13
TCGA-EE-A2GC-10A-01D-A199-08	C828.TCGA-EE-A2GC-10A-01D-A199-08.3.bam	49786c56fe3055914b96b4d4026be19f	79823e04-cde6-45e0-a7ba-bcee6c97d8dd	9/22/13	9/22/13
TCGA-EE-A2GC-06A-11D-A197-08	C828.TCGA-EE-A2GC-06A-11D-A197-08.4.bam	1d0e4606ad3dc1872092107f129e78e5	769ff851-15a0-4ffd-a8f1-7d41ee1e0b9f	9/22/13	9/22/13
TCGA-EE-A2GD-10A-01D-A198-08	C828.TCGA-EE-A2GD-10A-01D-A198-08.2.bam	8246eecfaeb1b0b8e1bb240d5fd7f195	bd6b33e6-d6d5-4a9d-9609-84a76cf977d5	9/22/13	9/22/13
TCGA-EE-A2GD-06A-11D-A196-08	C828.TCGA-EE-A2GD-06A-11D-A196-08.2.bam	3d41f1953ea5a53d52d81f3285975802	9280fcd2-24d5-4223-bf57-6f87669d8bab	9/22/13	9/22/13
TCGA-EE-A2GE-10A-01D-A198-08	C828.TCGA-EE-A2GE-10A-01D-A198-08.2.bam	d03354a0868ebf151677960facc13a79	9c9c1f1f-9e98-413f-ab97-507342965ef1	9/22/13	9/22/13
TCGA-EE-A2GE-06A-11D-A196-08	C828.TCGA-EE-A2GE-06A-11D-A196-08.2.bam	8f709b6575c3c3c497f044f1c8571e9a	a0d37bc7-df29-4fc7-b7e3-01166121b659	9/22/13	9/22/13
TCGA-EE-A2GH-10A-01D-A198-08	C828.TCGA-EE-A2GH-10A-01D-A198-08.2.bam	249ef8cb0fe6af29172c72fe35037a4a	ae1b032e-82f7-415e-a827-c57269fe71b3	9/22/13	9/22/13
TCGA-EE-A2GH-06A-11D-A196-08	C828.TCGA-EE-A2GH-06A-11D-A196-08.2.bam	6fcff173a180f70512cb94621b26b448	3eeb5291-6e7e-40ff-ba58-2eccf16c3ae2	9/22/13	9/22/13
TCGA-EE-A2GI-10A-01D-A198-08	C828.TCGA-EE-A2GI-10A-01D-A198-08.3.bam	cebb288d4233d9138a57f51894343bcf	401e2c82-087c-41cf-b1d0-6f0508ae7442	9/22/13	9/22/13
TCGA-EE-A2GI-06A-11D-A196-08	C828.TCGA-EE-A2GI-06A-11D-A196-08.3.bam	83a713c12ac6bd40f0f8aa89186d7d63	faabf9d3-dbb3-472c-a807-974a60141616	9/22/13	9/22/13
TCGA-EE-A2GJ-10A-01D-A198-08	C828.TCGA-EE-A2GJ-10A-01D-A198-08.2.bam	70c75e9d1b53b71dec754eeab2c9028d	3c8384fa-07b5-442c-b8fc-ee8df4d5f7df	9/22/13	9/22/13
TCGA-EE-A2GJ-06A-11D-A196-08	C828.TCGA-EE-A2GJ-06A-11D-A196-08.2.bam	90d19f511d24a4e6c2320a51bcf9a18c	0b3be3dc-78f0-44a0-b2bf-2a34d048d3bb	9/22/13	9/22/13
TCGA-EE-A2GK-10A-01D-A198-08	C828.TCGA-EE-A2GK-10A-01D-A198-08.2.bam	239b6137e03ab56d7cf8828e1e7b1d35	d3d7803b-e34f-4318-bc57-b7747838bbf8	9/22/13	9/22/13
TCGA-EE-A2GK-06A-11D-A196-08	C828.TCGA-EE-A2GK-06A-11D-A196-08.2.bam	c78e336f9351cdb9ce44825717d708a9	d6496d85-f900-45db-be07-a6e5bfd8c0e7	9/22/13	9/22/13
TCGA-EE-A2GL-10A-01D-A198-08	C828.TCGA-EE-A2GL-10A-01D-A198-08.2.bam	794c30a90ca5e014ca08137e65dfb1d8	47d5432a-2073-4c06-bc35-2d373e65a284	9/22/13	9/22/13
TCGA-EE-A2GL-06A-11D-A196-08	C828.TCGA-EE-A2GL-06A-11D-A196-08.2.bam	45a6fd8581e8fe889cc8a2c5c31a0199	1ab64d1a-c5b8-44a1-977c-e3b28d717645	9/22/13	9/22/13
TCGA-EE-A2GM-10A-01D-A198-08	C828.TCGA-EE-A2GM-10A-01D-A198-08.2.bam	2356fc24bde9bc271f38a95b77166623	929c66d9-1033-40b7-927f-b4e6c9879553	9/22/13	9/22/13
TCGA-EE-A2GM-06B-11D-A196-08	C828.TCGA-EE-A2GM-06B-11D-A196-08.2.bam	a7705d90ffa84b3329f43c99fb26cbcc	5f257dd5-23a8-4402-8b4c-406c6c6d72ab	9/22/13	9/22/13
TCGA-EE-A2GN-10A-01D-A198-08	C828.TCGA-EE-A2GN-10A-01D-A198-08.3.bam	6d1ecf49a789a2cecd0d902373a33802	916c2b15-d280-400f-8186-7a21bca965c9	9/22/13	9/22/13
TCGA-EE-A2GN-06A-11D-A196-08	C828.TCGA-EE-A2GN-06A-11D-A196-08.3.bam	651656fbc04992f89fa251f93d4fcc71	dc840f93-9d26-42f4-9918-278c7aeeb64f	9/22/13	9/22/13
TCGA-EE-A2GO-10A-01D-A198-08	C828.TCGA-EE-A2GO-10A-01D-A198-08.2.bam	ddf570dd81ebc03d5e895b651b69b478	ef48a68d-976b-4990-89be-3e479e0460cd	9/22/13	9/22/13
TCGA-EE-A2GO-06A-11D-A196-08	C828.TCGA-EE-A2GO-06A-11D-A196-08.2.bam	c05486600117e058d312ea75d869ec82	38620abc-b737-4fc9-a17e-b287abcbd00b	9/22/13	9/22/13
TCGA-EE-A2GP-10A-01D-A199-08	C828.TCGA-EE-A2GP-10A-01D-A199-08.4.bam	f58193d6ed6e80e70edd085c9021a5de	87404452-35d8-49e2-a372-1157cedb25d9	9/22/13	9/22/13
TCGA-EE-A2GP-06A-11D-A197-08	C828.TCGA-EE-A2GP-06A-11D-A197-08.4.bam	ade3c4c2e22a4c988c3be266ab9582a2	68012ac6-f500-4ab6-a803-c426168bc05d	9/22/13	9/22/13
TCGA-EE-A2GR-10A-01D-A199-08	C828.TCGA-EE-A2GR-10A-01D-A199-08.3.bam	a246105a7b05684c67b1cb638ffe4833	935ed56f-6093-4581-86b6-31d7e647a4f9	9/22/13	9/22/13
TCGA-EE-A2GR-06A-11D-A197-08	C828.TCGA-EE-A2GR-06A-11D-A197-08.4.bam	1e4ab17ab06c1432c36f8f62302493bf	42f47bd4-3ddc-4a13-8cc5-90d2789011d8	9/22/13	9/22/13
TCGA-EE-A2GS-10A-01D-A199-08	C828.TCGA-EE-A2GS-10A-01D-A199-08.3.bam	4dd0c39525d297f925c9843f57eda5b1	c0a5311c-b843-4fe9-877d-9eb5bf482f95	9/22/13	9/22/13
TCGA-EE-A2GS-06A-12D-A197-08	C828.TCGA-EE-A2GS-06A-12D-A197-08.3.bam	fcf796ad538c8c33734a78f2191fb76f	cd21a10c-b355-48a8-bdb1-a672eaa91675	9/22/13	9/22/13
TCGA-EE-A2GT-10A-01D-A199-08	C828.TCGA-EE-A2GT-10A-01D-A199-08.2.bam	469927f68703f497bc73ec3292fb7db7	7eb506bf-d277-4eb8-9daf-171135c9b62f	9/22/13	9/22/13
TCGA-EE-A2GT-06A-12D-A197-08	C828.TCGA-EE-A2GT-06A-12D-A197-08.2.bam	a2db3e334606fe7dd2af78fa2df0ea02	81a226b8-b6d0-4b89-8f39-e6c32bfa6ecd	9/22/13	9/22/13
TCGA-EE-A2GU-10A-01D-A198-08	C828.TCGA-EE-A2GU-10A-01D-A198-08.2.bam	08a935974c61bd1328f26835d288463b	f2c9a6c6-bcdd-4074-a210-313606d72eea	9/22/13	9/22/13
TCGA-EE-A2GU-06A-11D-A196-08	C828.TCGA-EE-A2GU-06A-11D-A196-08.2.bam	a0c8b691943cf3ff5d99c799a9f62ec3	9e753491-7709-4e9b-b8a6-415b0fa6fda7	9/22/13	9/22/13
TCGA-EE-A2M5-10A-01D-A199-08	C828.TCGA-EE-A2M5-10A-01D-A199-08.3.bam	1f55e74bf9fdd5ce646ebf06c0219c83	cfc0ac21-e14e-443d-b622-509a3c814cf4	9/22/13	9/22/13
TCGA-EE-A2M5-06A-12D-A197-08	C828.TCGA-EE-A2M5-06A-12D-A197-08.3.bam	c291b230dd0277a7b2acae163b674d89	7414d60d-e0c2-464d-bdb6-a0b9b94e575d	9/22/13	9/22/13
TCGA-EE-A2M6-10A-01D-A199-08	C828.TCGA-EE-A2M6-10A-01D-A199-08.3.bam	6a3fbc0853290c3aa8d3f9238a15b9a6	775ba391-bc46-4851-8c45-86edf629fa2a	9/22/13	9/22/13
TCGA-EE-A2M6-06A-12D-A197-08	C828.TCGA-EE-A2M6-06A-12D-A197-08.4.bam	bd60de09b51764864666a19fe013d84a	03f7ee36-bc42-4ee8-b0ba-4e789562409c	9/22/13	9/22/13
TCGA-EE-A2M7-10A-01D-A199-08	C828.TCGA-EE-A2M7-10A-01D-A199-08.3.bam	d8c93a231413a79d2c6d03364f29f188	d02ed0f8-1260-4f77-a92e-968e0e46665a	9/22/13	9/22/13
TCGA-EE-A2M7-06A-11D-A197-08	C828.TCGA-EE-A2M7-06A-11D-A197-08.3.bam	8c2b39a52789ce5b10c942861efdd0ef	d9fe9acd-a803-49cb-92df-76dffa504765	9/22/13	9/22/13
TCGA-EE-A2M8-10A-01D-A198-08	C828.TCGA-EE-A2M8-10A-01D-A198-08.2.bam	28a85c8807a62885d6d0d6aae1b6f978	d176b478-a5b5-4ccf-90b4-f1bf0078f5f3	9/22/13	9/22/13
TCGA-EE-A2M8-06A-12D-A196-08	C828.TCGA-EE-A2M8-06A-12D-A196-08.2.bam	53aea455d44dba3672d3bbcd8f777a86	17806d08-1cfd-404b-816f-f217980443ef	9/22/13	9/22/13
TCGA-EE-A2MC-10A-01D-A199-08	C828.TCGA-EE-A2MC-10A-01D-A199-08.3.bam	e6d3a8caaaacdef40f2774d65eb0ce28	cc486066-d665-42b8-99d1-68bebf998862	9/22/13	9/22/13
TCGA-EE-A2MC-06A-12D-A197-08	C828.TCGA-EE-A2MC-06A-12D-A197-08.3.bam	10aaeb58a5d5374d93b14f5adbf2de14	0e568ce9-feb0-46e8-ad60-758d9707198e	9/22/13	9/22/13
TCGA-EE-A2MD-10A-01D-A199-08	C828.TCGA-EE-A2MD-10A-01D-A199-08.2.bam	d09f1db738f5d08ab85cc5384d29619a	f3906302-218c-4a08-b038-9a43d1adb7dd	9/22/13	9/22/13
TCGA-EE-A2MD-06A-11D-A197-08	C828.TCGA-EE-A2MD-06A-11D-A197-08.2.bam	b4ed8b107fab41670ab9ae7bbfadf5da	2bddb230-40dc-4351-878a-782e9ebc3db9	9/22/13	9/22/13
TCGA-EE-A2ME-10A-01D-A199-08	C828.TCGA-EE-A2ME-10A-01D-A199-08.2.bam	64f1ab8ce2b81485b4c489c2428a062b	4b489b0c-0b72-4c4f-a9b8-e5d0fb9348cf	9/22/13	9/22/13
TCGA-EE-A2ME-06A-11D-A197-08	C828.TCGA-EE-A2ME-06A-11D-A197-08.2.bam	d10fec7d260cadc9c1ef65e6580d4636	8bb278c4-dcc0-4ad5-9502-551458cf1010	9/22/13	9/22/13
TCGA-EE-A2MF-10B-01D-A21A-08	C828.TCGA-EE-A2MF-10B-01D-A21A-08.2.bam	663d305cdf78de7a81f018fdf089fd58	0d108126-5c24-494f-a5c9-225a07117024	9/25/13	9/25/13
TCGA-EE-A2MF-06A-11D-A21A-08	C828.TCGA-EE-A2MF-06A-11D-A21A-08.2.bam	a687f8a1a20eb2fbd29f8ff9d570d800	9efad400-b303-4472-b36c-db6f1af2b3ca	9/22/13	9/22/13
TCGA-EE-A2MG-10A-01D-A199-08	C828.TCGA-EE-A2MG-10A-01D-A199-08.3.bam	6f8b439400e37c78f2dfed600138aa9f	c50c1056-b2f9-4f11-921c-92766c0cac65	9/22/13	9/22/13
TCGA-EE-A2MG-06A-11D-A197-08	C828.TCGA-EE-A2MG-06A-11D-A197-08.3.bam	568fc787fe2906912eca1a8665f17f52	20d634bb-dd3a-42c0-ae00-76e1012f9e93	9/22/13	9/22/13
TCGA-EE-A2MH-10A-01D-A199-08	C828.TCGA-EE-A2MH-10A-01D-A199-08.2.bam	d9bbd6b778287c8c4f880d86a7c496c1	b228a065-b664-4b9d-a942-a9cb7cb12b40	9/22/13	9/22/13
TCGA-EE-A2MH-06A-11D-A197-08	C828.TCGA-EE-A2MH-06A-11D-A197-08.2.bam	be0291856b0d4dc93cb1982681baee9c	4561a5ce-e7c2-4485-ad04-0fadd2fecb28	9/22/13	9/22/13
TCGA-EE-A2MI-10A-01D-A199-08	C828.TCGA-EE-A2MI-10A-01D-A199-08.2.bam	303dc1f69236cd0c42c04328e1797cdb	f97b60df-c9e4-4702-a713-7d5a8f252ec8	9/22/13	9/22/13
TCGA-EE-A2MI-06A-11D-A197-08	C828.TCGA-EE-A2MI-06A-11D-A197-08.2.bam	13c42478545950dc9365fa9b9363502f	cacde571-5bac-4279-ba8d-47ed3966e8c4	9/22/13	9/22/13
TCGA-EE-A2MJ-10A-01D-A199-08	C828.TCGA-EE-A2MJ-10A-01D-A199-08.2.bam	82db07ab2936f1d44fc7080b10bfd502	0e1387f6-a4b6-4e27-885f-8bb4fec5fdcc	9/22/13	9/22/13
TCGA-EE-A2MJ-06A-11D-A197-08	C828.TCGA-EE-A2MJ-06A-11D-A197-08.2.bam	c886a22b292ceb636788f2dda6798bf7	00812dd5-3dc2-4183-bcc0-eb9390fe4878	9/22/13	9/22/13
TCGA-EE-A2MK-10A-01D-A198-08	C828.TCGA-EE-A2MK-10A-01D-A198-08.3.bam	9988415419c03bc6644daac71072f61b	3991c127-dfd6-4db0-b499-40db19d36153	9/22/13	9/22/13
TCGA-EE-A2MK-06A-11D-A196-08	C828.TCGA-EE-A2MK-06A-11D-A196-08.3.bam	04b6c816f0d2b62bb6f2e4922318d590	c0d14da9-0d39-4e81-8b21-9ffba379bb32	9/22/13	9/22/13
TCGA-EE-A2ML-10A-01D-A199-08	C828.TCGA-EE-A2ML-10A-01D-A199-08.2.bam	de3e5a4df3eccd8ff562065e5424c1c6	70a7b1a7-3f5e-4e52-a84f-fcc22f28600e	9/22/13	9/22/13
TCGA-EE-A2ML-06A-11D-A197-08	C828.TCGA-EE-A2ML-06A-11D-A197-08.2.bam	f7fad19812d802783fecb9cec7012f95	1ddd4d41-ee0c-4d7f-be3e-b130a7f8b293	9/22/13	9/22/13
TCGA-EE-A2MM-10A-01D-A198-08	C828.TCGA-EE-A2MM-10A-01D-A198-08.3.bam	66f4a4f2310002e4bcade5884e26b2f9	5e6776e8-2e77-47c9-a2b9-d8c79e1b7bea	9/22/13	9/22/13
TCGA-EE-A2MM-06A-11D-A196-08	C828.TCGA-EE-A2MM-06A-11D-A196-08.3.bam	7dbbee8e019054458393d7616b71d92b	2431e76b-9bad-4ae8-8be5-05285c0b8595	9/22/13	9/22/13
TCGA-EE-A2MN-10A-01D-A199-08	C828.TCGA-EE-A2MN-10A-01D-A199-08.2.bam	fc3820d3f861eccd5e94f7c5ddddfbcb	6c5020cc-6b54-40bd-9ab9-67a23cacbad8	9/22/13	9/22/13
TCGA-EE-A2MN-06A-11D-A197-08	C828.TCGA-EE-A2MN-06A-11D-A197-08.2.bam	d299fdb0efa61f35478d161d0bfdd858	fa00f5a8-5f2a-4a35-9b72-851ec10c5dd5	9/22/13	9/22/13
TCGA-EE-A2MP-10A-01D-A199-08	C828.TCGA-EE-A2MP-10A-01D-A199-08.2.bam	2634dd411b34c208dfaf8a849e7ee161	21feef7b-05d1-4104-bd0b-44a5ccea5f0f	9/22/13	9/22/13
TCGA-EE-A2MP-06A-11D-A197-08	C828.TCGA-EE-A2MP-06A-11D-A197-08.2.bam	feef1795d639f27de0c10fe853cbbfd3	131bf1eb-d29f-4f95-ac02-177ed295e5ae	9/22/13	9/22/13
TCGA-EE-A2MQ-10A-01D-A199-08	C828.TCGA-EE-A2MQ-10A-01D-A199-08.2.bam	bdcd591091690bb26159d1bf8884f06c	7409ecea-7b69-43b6-b044-d2c781525668	9/22/13	9/22/13
TCGA-EE-A2MQ-06A-11D-A197-08	C828.TCGA-EE-A2MQ-06A-11D-A197-08.2.bam	44c8150e03a6f3df717637604e25bb2a	f920e172-fd11-47bb-8a88-c43593687703	9/22/13	9/22/13
TCGA-EE-A2MR-10A-01D-A198-08	C828.TCGA-EE-A2MR-10A-01D-A198-08.3.bam	0f069776588fcf349d07939199d334f9	c2d9c870-f384-4263-991d-7dc08498491a	9/22/13	9/22/13
TCGA-EE-A2MR-06A-11D-A196-08	C828.TCGA-EE-A2MR-06A-11D-A196-08.3.bam	1f00a0d588ac5e95317debf885721a57	52f7d604-833c-4fcb-b6d5-78bc18006ff6	9/22/13	9/22/13
TCGA-EE-A2MS-10A-01D-A199-08	C828.TCGA-EE-A2MS-10A-01D-A199-08.2.bam	35fba5ba40f3cabc271343ed5a7d28de	c3d3729c-e2ad-440a-b95b-913a0a71fc19	9/22/13	9/22/13
TCGA-EE-A2MS-06A-11D-A197-08	C828.TCGA-EE-A2MS-06A-11D-A197-08.2.bam	2fb0495b12710922c097f180c2a20177	87b507f1-225d-42b1-a03b-acf089dad531	9/22/13	9/22/13
TCGA-EE-A2MT-10A-01D-A199-08	C828.TCGA-EE-A2MT-10A-01D-A199-08.3.bam	9553ad367509f977b87ea85ba7a1ce78	e7e5aa38-fb16-4591-96c2-efe90f9c0118	9/22/13	9/22/13
TCGA-EE-A2MT-06A-11D-A197-08	C828.TCGA-EE-A2MT-06A-11D-A197-08.3.bam	4c85084adce89322f0c24d1dd63873ad	f2e280d9-20ca-44a3-b217-06bb0ab1f1b2	9/22/13	9/22/13
TCGA-EE-A2MU-10A-01D-A198-08	C828.TCGA-EE-A2MU-10A-01D-A198-08.2.bam	ac4bf8619a26ab2a69ac02e512c7fe92	213b56fb-9e18-40ab-a74f-7c18af2e4c9a	9/22/13	9/22/13
TCGA-EE-A2MU-06A-21D-A196-08	C828.TCGA-EE-A2MU-06A-21D-A196-08.2.bam	5398b35f6ca7a0cb5d2f3200e511c8e1	ecb4c552-429d-44a7-be68-b4f304efbcac	9/22/13	9/22/13
TCGA-EE-A3AA-10A-01D-A198-08	C828.TCGA-EE-A3AA-10A-01D-A198-08.3.bam	70609fc500b5f980c98eb1f57bf7c829	2825fb53-ac33-4aa1-8124-a4f9ef780bab	9/22/13	9/22/13
TCGA-EE-A3AA-06A-11D-A196-08	C828.TCGA-EE-A3AA-06A-11D-A196-08.3.bam	b7dc73d7f9335decc5d444aaaa170d96	8d54f40b-818a-47e7-9bb4-56b69102d680	9/22/13	9/22/13
TCGA-EE-A3AB-10A-01D-A198-08	C828.TCGA-EE-A3AB-10A-01D-A198-08.3.bam	ba43d8f27cfa3ac5b50fc97f29d182ab	1441e8b0-17fb-41a7-9b56-28121b3683fc	9/22/13	9/22/13
TCGA-EE-A3AB-06A-11D-A196-08	C828.TCGA-EE-A3AB-06A-11D-A196-08.3.bam	e51c8c4c02b031610c18cd6474983b8a	856fd81e-7792-4d03-a599-2a4c1e922551	9/22/13	9/22/13
TCGA-EE-A3AC-10A-01D-A198-08	C828.TCGA-EE-A3AC-10A-01D-A198-08.3.bam	a1afa0a0f27a6994375459f0d4766764	3efef185-5862-4274-80c9-862c97887278	9/22/13	9/22/13
TCGA-EE-A3AC-06A-11D-A196-08	C828.TCGA-EE-A3AC-06A-11D-A196-08.3.bam	535b0a9f24084a575f469faef6c4a23d	1945737a-7bb6-431e-8876-9f1e0de1e4e1	9/22/13	9/22/13
TCGA-EE-A3AD-10A-01D-A198-08	C828.TCGA-EE-A3AD-10A-01D-A198-08.3.bam	89281436b0a2b88396d55db51b7e87bf	e230b995-caf9-4c43-8b70-79bcf7cc94db	9/22/13	9/22/13
TCGA-EE-A3AD-06A-11D-A196-08	C828.TCGA-EE-A3AD-06A-11D-A196-08.3.bam	13576dec0cae6603595b66c4216965da	34b89f85-58c4-4d76-a273-64e31d044938	9/22/13	9/22/13
TCGA-EE-A3AE-10A-01D-A198-08	C828.TCGA-EE-A3AE-10A-01D-A198-08.3.bam	b1280e963fde69ad658643ad14392e4b	c4971fc6-3935-4800-86bd-3bc5378cb865	9/22/13	9/22/13
TCGA-EE-A3AE-06A-11D-A196-08	C828.TCGA-EE-A3AE-06A-11D-A196-08.3.bam	857aefb61a005d9ad7b57fec031d9604	d371fc8c-a070-4cfc-a7cf-32e45ad80699	9/22/13	9/22/13
TCGA-EE-A3AF-10A-01D-A198-08	C828.TCGA-EE-A3AF-10A-01D-A198-08.3.bam	96e4f2d00bfd5b69a9da7a455e1cbc1c	8d459aa5-c206-402d-bdda-6adfe62a48c5	9/22/13	9/22/13
TCGA-EE-A3AF-06A-11D-A196-08	C828.TCGA-EE-A3AF-06A-11D-A196-08.3.bam	bf40e906a6603d7e4514f01de026250c	25648ad4-0d07-4f3a-9fb3-670899c258a0	9/22/13	9/22/13
TCGA-EE-A3AG-10A-01D-A198-08	C828.TCGA-EE-A3AG-10A-01D-A198-08.3.bam	4d66c3b6b25d8aa8e66c760d3bf3aac3	52f4513a-cf40-4f19-9cd3-67a1a685cb5e	9/22/13	9/22/13
TCGA-EE-A3AG-06A-31D-A196-08	C828.TCGA-EE-A3AG-06A-31D-A196-08.3.bam	3bc7312234477312765107496b4d8e63	4026ccd2-7cf0-4a79-8cd8-70e3fdf5ceb1	9/22/13	9/22/13
TCGA-EE-A3AH-10A-01D-A198-08	C828.TCGA-EE-A3AH-10A-01D-A198-08.2.bam	33f8c90bf6b8340befd7a01ed8d5e419	d876f7c3-6ce7-4704-bfe2-33b06cd08f0f	9/22/13	9/22/13
TCGA-EE-A3AH-06A-11D-A196-08	C828.TCGA-EE-A3AH-06A-11D-A196-08.2.bam	a294e8fb25bad12a73eaea93a344ff51	b6b271df-3449-4e0b-b008-3015afa84ba4	9/22/13	9/22/13
TCGA-EE-A3J3-10A-01D-A20D-08	C828.TCGA-EE-A3J3-10A-01D-A20D-08.1.bam	f135d45ca59abcdbcd642e62adb9ee34	f126e6ba-21b1-4417-b782-9ae4c6ebffa7	9/8/12	5/16/13
TCGA-EE-A3J3-06A-11D-A20D-08	C828.TCGA-EE-A3J3-06A-11D-A20D-08.1.bam	1fb3636d897197c83d2efad47e925f03	8985f0f4-dabe-47c6-bfaf-328d92f99587	9/7/12	5/16/13
TCGA-EE-A3J4-10A-01D-A20D-08	C828.TCGA-EE-A3J4-10A-01D-A20D-08.1.bam	fdd590fac6bd656b6f164f71371047ef	d4be63db-8e09-4660-8072-3e5dfdcd5f19	9/8/12	5/16/13
TCGA-EE-A3J4-06A-11D-A20D-08	C828.TCGA-EE-A3J4-06A-11D-A20D-08.1.bam	1752b946a51a5e0346a4fd94b874187f	01344cac-79d7-48ed-9179-7af7470f9afa	9/7/12	5/16/13
TCGA-EE-A3J5-10A-01D-A20D-08	C828.TCGA-EE-A3J5-10A-01D-A20D-08.1.bam	7120eff3556dc5a2c233c1dbae5b4ca9	72bf0aef-0d5e-4620-9e62-46254c4a7cfc	9/7/12	5/16/13
TCGA-EE-A3J5-06A-11D-A20D-08	C828.TCGA-EE-A3J5-06A-11D-A20D-08.1.bam	d0f418d4b1fdc08d17c26e143b8790b8	be7f8f8c-f54b-442d-badb-66957f1f3c7e	9/7/12	5/16/13
TCGA-EE-A3J7-10A-01D-A20D-08	C828.TCGA-EE-A3J7-10A-01D-A20D-08.1.bam	5267d7cb5b0aae39ec8660ffabdf394b	52d47579-ac92-4dcf-841b-eab7ea6eb91e	9/7/12	5/16/13
TCGA-EE-A3J7-06A-11D-A20D-08	C828.TCGA-EE-A3J7-06A-11D-A20D-08.1.bam	77b3a6f0fb8c0c46b67288cd1d5b5627	416e844c-e217-4439-9cb7-9ccfaee1fef4	9/8/12	5/16/13
TCGA-EE-A3J8-10A-01D-A20D-08	C828.TCGA-EE-A3J8-10A-01D-A20D-08.1.bam	9869809e8ffe14baed33d63dc7185683	62d4fdea-3fc8-4708-9eb7-edbc34ff2319	9/8/12	5/16/13
TCGA-EE-A3J8-06A-11D-A20D-08	C828.TCGA-EE-A3J8-06A-11D-A20D-08.1.bam	f7359d6c32002346f59d4c3e52f07cde	23d3103e-42e1-4733-87f7-c9640eecb865	9/7/12	5/16/13
TCGA-EE-A3JA-10A-01D-A20D-08	C828.TCGA-EE-A3JA-10A-01D-A20D-08.1.bam	e264acf0274ef0874c7e738bb51f7ca6	e7865a3a-eb86-4523-9672-85555cdfc1c0	9/8/12	5/16/13
TCGA-EE-A3JA-06A-11D-A20D-08	C828.TCGA-EE-A3JA-06A-11D-A20D-08.1.bam	c822ae3a8d3db620e377ada0a57b15a4	63932347-c053-48b7-b500-afe094ddfdb4	9/8/12	5/16/13
TCGA-EE-A3JB-10A-01D-A21A-08	C828.TCGA-EE-A3JB-10A-01D-A21A-08.2.bam	14e97593209db89d157b2a42df7c05cc	4bc93b9c-843d-4e76-85f7-e40b02f5c48e	9/25/13	9/25/13
TCGA-EE-A3JB-06A-11D-A21A-08	C828.TCGA-EE-A3JB-06A-11D-A21A-08.2.bam	0541863f0012519434d6fcee76b289fb	1a27460b-3856-4b59-aa57-ff59dbcc2671	9/22/13	9/22/13
TCGA-EE-A3JD-10A-01D-A20D-08	C828.TCGA-EE-A3JD-10A-01D-A20D-08.1.bam	fb23e22f038f0d7c2ed0eea34aa3c85e	45f85341-78be-4312-87a6-7c6de27d4aa4	9/7/12	5/16/13
TCGA-EE-A3JD-06A-11D-A20D-08	C828.TCGA-EE-A3JD-06A-11D-A20D-08.1.bam	1dbbae4cbc1bdcae5cd780e0a3f4b658	5917bc72-49dd-4bef-8c63-d57e6e0ef882	9/7/12	5/16/13
TCGA-EE-A3JE-10A-01D-A20D-08	C828.TCGA-EE-A3JE-10A-01D-A20D-08.1.bam	76a78ecd089accfc832e8550a4a082e8	a8ee89c8-09ec-497c-b3f0-5f1c0e9dcd3d	9/8/12	5/16/13
TCGA-EE-A3JE-06A-11D-A20D-08	C828.TCGA-EE-A3JE-06A-11D-A20D-08.1.bam	41d57b54d1bbbbb065950b84fab7a74a	6cb35854-797f-4976-8526-ea090021a5ce	9/8/12	5/16/13
TCGA-EE-A3JH-10A-01D-A21A-08	C828.TCGA-EE-A3JH-10A-01D-A21A-08.2.bam	0b2346616c2d478ba4eabfe2a34f5a85	8f60168a-59e5-48ef-afb5-281211484692	9/25/13	9/25/13
TCGA-EE-A3JH-06A-11D-A21A-08	C828.TCGA-EE-A3JH-06A-11D-A21A-08.2.bam	1b5b78effb6bf0207493e7088020584f	09bfabd9-eb9c-45eb-8629-5290df0090af	9/22/13	9/22/13
TCGA-EE-A3JI-10A-01D-A21A-08	C828.TCGA-EE-A3JI-10A-01D-A21A-08.2.bam	b1ffcaceb75fc0220c478683ad0a023a	7007236e-9ec5-4941-81b4-6a6f57631521	9/23/13	9/24/13
TCGA-EE-A3JI-06A-11D-A21A-08	C828.TCGA-EE-A3JI-06A-11D-A21A-08.2.bam	7ac2c5aa73a558c4a8402b5c21799da2	d5480948-3a8e-428d-add9-88084ddc9140	9/22/13	9/22/13
TCGA-ER-A193-10A-01D-A199-08	C828.TCGA-ER-A193-10A-01D-A199-08.2.bam	abe68dca926a0b8dc253218046227afb	2e764666-45c9-46c0-816a-175f02be1ff5	9/22/13	9/22/13
TCGA-ER-A193-06A-12D-A197-08	C828.TCGA-ER-A193-06A-12D-A197-08.2.bam	f5bce847989b6bf6a63080650ab768d3	8c80911d-a3e7-4877-bcdf-e7d654351e0d	9/22/13	9/22/13
TCGA-ER-A194-10A-01D-A199-08	C828.TCGA-ER-A194-10A-01D-A199-08.2.bam	99a560dab8980a45131bf16146cbe419	cbdcc905-432a-4a04-a496-e837aea51f0a	9/22/13	9/22/13
TCGA-ER-A194-01A-11D-A197-08	C828.TCGA-ER-A194-01A-11D-A197-08.2.bam	2353081d863ba7653918effcab24d4f0	5e3b9c86-c828-4fb1-a7e3-779aceb5e257	9/22/13	9/22/13
TCGA-ER-A195-10A-01D-A198-08	C828.TCGA-ER-A195-10A-01D-A198-08.3.bam	fbc4ebfcbdb02bdfa330e928e53d1e4e	2a7e39b6-06c6-498e-bb0a-d0590df6397e	9/22/13	9/22/13
TCGA-ER-A195-06A-11D-A196-08	C828.TCGA-ER-A195-06A-11D-A196-08.3.bam	856d7943df794e3d4f3b0850a38c9ab4	28faaaeb-6e2a-4362-9b52-0fac6891df8f	9/22/13	9/22/13
TCGA-ER-A196-10A-01D-A199-08	C828.TCGA-ER-A196-10A-01D-A199-08.3.bam	17e6ff3437d17080828f803b181e8518	bcda4eda-836b-497b-b964-2101c4289207	9/23/13	9/23/13
TCGA-ER-A196-01A-11D-A197-08	C828.TCGA-ER-A196-01A-11D-A197-08.3.bam	f0df6fbec20dbd0111a63fa70d68a559	71b10b7c-5768-4a6a-a169-e6a9a633cc58	9/22/13	9/22/13
TCGA-ER-A197-10A-01D-A199-08	C828.TCGA-ER-A197-10A-01D-A199-08.2.bam	e118de2d2a23b32069a02159768cb59b	3d882e23-84f4-4547-b22b-81b39b42da3f	9/22/13	9/22/13
TCGA-ER-A197-06A-32D-A197-08	C828.TCGA-ER-A197-06A-32D-A197-08.2.bam	62e66fbbdf7e602b70b8ad51c3f1d507	bd8b05ac-0c55-4bf7-9df0-f2e2360c6234	9/22/13	9/22/13
TCGA-ER-A198-10A-01D-A198-08	C828.TCGA-ER-A198-10A-01D-A198-08.3.bam	2f04af86a699f3f79192c91a1f545d64	05dc04e7-4f8a-4d62-864a-5b86e776d9b1	9/22/13	9/22/13
TCGA-ER-A198-06A-11D-A196-08	C828.TCGA-ER-A198-06A-11D-A196-08.3.bam	09f3362d9df3f4ef952a1b172c4e5265	7a2b9a34-c5fa-41b8-b4c4-5d3df2f91f07	9/22/13	9/22/13
TCGA-ER-A199-10A-01D-A199-08	C828.TCGA-ER-A199-10A-01D-A199-08.2.bam	ca095b50aad06239e802337b0fd00dbe	7a0741e9-79dd-4ca5-8c3b-83002f209018	9/22/13	9/22/13
TCGA-ER-A199-06A-11D-A197-08	C828.TCGA-ER-A199-06A-11D-A197-08.2.bam	ef964afdf3159c2ef64d47736e883434	4b28b6c3-b7e5-4c2a-8cb0-68ab76cf60fb	9/22/13	9/22/13
TCGA-ER-A19A-10A-01D-A199-08	C828.TCGA-ER-A19A-10A-01D-A199-08.2.bam	988010dc368fbf61e6f4a404ca8de0b7	b39f5c36-3e98-4492-9af3-8bf9aac966e6	9/22/13	9/22/13
TCGA-ER-A19A-06A-21D-A197-08	C828.TCGA-ER-A19A-06A-21D-A197-08.2.bam	ae7878fdd46dcf0aace6203d37bc0a00	73f604b5-a309-431b-8417-c68d01dfd73a	9/22/13	9/22/13
TCGA-ER-A19B-10A-01D-A198-08	C828.TCGA-ER-A19B-10A-01D-A198-08.3.bam	94534e7fd0ebcd5894213b937559bdc6	0556cce9-7cb2-4bff-81a4-06787ded2720	9/22/13	9/22/13
TCGA-ER-A19B-06A-11D-A196-08	C828.TCGA-ER-A19B-06A-11D-A196-08.3.bam	e1e6965c73d00ba8f09e764ef240a686	0090ffdc-d7e8-4397-bd9d-6a17b7a94a69	9/22/13	9/22/13
TCGA-ER-A19C-10A-01D-A198-08	C828.TCGA-ER-A19C-10A-01D-A198-08.2.bam	18c74f2152de6f352837c5812b6828a3	27d3e5af-f4e6-4444-90a3-ae4bff99cbab	9/22/13	9/22/13
TCGA-ER-A19C-06A-11D-A196-08	C828.TCGA-ER-A19C-06A-11D-A196-08.2.bam	c798b7aa117527aa09d1e7b21dba40ad	9282d29b-18a4-402b-ba36-2e489771722e	9/22/13	9/22/13
TCGA-ER-A19D-10A-01D-A199-08	C828.TCGA-ER-A19D-10A-01D-A199-08.3.bam	4870a84a6a2eccb95ca277fc3d17d612	f1db71f4-2809-4070-8d6d-1c52fb6ad667	9/22/13	9/22/13
TCGA-ER-A19D-06A-11D-A197-08	C828.TCGA-ER-A19D-06A-11D-A197-08.3.bam	d084ee3dae0f940a7c6a96ee27b0ac29	5b8a7d13-cdbd-49a7-825d-72eb49035dce	9/22/13	9/22/13
TCGA-ER-A19E-10A-01D-A199-08	C828.TCGA-ER-A19E-10A-01D-A199-08.2.bam	2c6d280e05cfb105808ace05ec59656b	af7571e0-6f6b-45ba-910b-1324d431ff34	9/22/13	9/22/13
TCGA-ER-A19E-06A-11D-A197-08	C828.TCGA-ER-A19E-06A-11D-A197-08.2.bam	e7e663409917b19244ffd6ea46af20ca	91f9937c-f25b-450b-8f09-489e421a071b	9/22/13	9/22/13
TCGA-ER-A19F-10A-01D-A198-08	C828.TCGA-ER-A19F-10A-01D-A198-08.2.bam	c95fc0556fe3538d1fe74283da4051f3	9c5be259-ef2b-4806-84aa-dc8c37a32c76	9/22/13	9/22/13
TCGA-ER-A19F-06A-11D-A196-08	C828.TCGA-ER-A19F-06A-11D-A196-08.2.bam	393c06b00c05468a904775bb224cb0cf	3ce55965-63d3-41fb-bc3b-8e063e60986a	9/22/13	9/22/13
TCGA-ER-A19G-10A-01D-A198-08	C828.TCGA-ER-A19G-10A-01D-A198-08.3.bam	2fd7c27184e5a0814b53b829eb401e1d	8b54f09e-a8ef-4bde-b20e-ed90ab61b1c1	9/22/13	9/22/13
TCGA-ER-A19G-06A-11D-A196-08	C828.TCGA-ER-A19G-06A-11D-A196-08.3.bam	5f60bd6e81aff2a6e3626c65e684eeda	87eb7e44-9704-468b-9662-780949b5559b	9/22/13	9/22/13
TCGA-ER-A19H-10A-01D-A198-08	C828.TCGA-ER-A19H-10A-01D-A198-08.3.bam	62e6ecf20bb549d7a24d764c740a9c37	3719aae9-d576-4974-ac10-930b71421401	9/22/13	9/22/13
TCGA-ER-A19H-06A-12D-A196-08	C828.TCGA-ER-A19H-06A-12D-A196-08.3.bam	fa94de5d188d3a7c3772a5e03dab0419	d4ed0f1a-fdf5-41cc-94b1-39a29ca13ab2	9/22/13	9/22/13
TCGA-ER-A19J-10A-01D-A198-08	C828.TCGA-ER-A19J-10A-01D-A198-08.2.bam	002b2d406b0839f43d28cd2920b33749	a32705bc-9c8f-482a-a0cb-6c16f8db3137	9/22/13	9/22/13
TCGA-ER-A19J-06A-11D-A196-08	C828.TCGA-ER-A19J-06A-11D-A196-08.2.bam	a291bc9a132ecfcced002efc3a1ed72d	90d05640-d96d-4c34-969c-59964a960534	9/22/13	9/22/13
TCGA-ER-A19K-10A-01D-A199-08	C828.TCGA-ER-A19K-10A-01D-A199-08.2.bam	b8d20ed618498390ceaa7fc04b6b9f6a	8d4c1bb9-f314-4915-9491-105c3979b880	9/22/13	9/22/13
TCGA-ER-A19K-01A-21D-A197-08	C828.TCGA-ER-A19K-01A-21D-A197-08.2.bam	c0ed654ffe7a217ef592a501b5707251	03533527-018f-476d-ab32-eb14b4029434	9/22/13	9/22/13
TCGA-ER-A19L-10A-01D-A199-08	C828.TCGA-ER-A19L-10A-01D-A199-08.3.bam	33de77ab350dc5df595c75afbe4360c0	ebe9b94a-dcd7-4461-9716-26bfa41acf7c	9/22/13	9/22/13
TCGA-ER-A19L-06A-12D-A197-08	C828.TCGA-ER-A19L-06A-12D-A197-08.3.bam	3a9769f6330fbd288250c3cdcf0865e6	5c78a1ac-abe2-46a5-b47f-273a8e292c53	9/22/13	9/22/13
TCGA-ER-A19M-10A-01D-A23B-08	C828.TCGA-ER-A19M-10A-01D-A23B-08.1.bam	04e5e6395ac84674453932f5026212df	662c7391-9a08-4272-adf2-8cb01b13c719	12/26/12	5/16/13
TCGA-ER-A19M-06A-61D-A23B-08	C828.TCGA-ER-A19M-06A-61D-A23B-08.1.bam	f93568db4505edb11bc489e44c81cb1e	0f7a839a-2b0c-4316-8f9c-2b1462d872b4	12/26/12	5/16/13
TCGA-ER-A19N-10A-01D-A199-08	C828.TCGA-ER-A19N-10A-01D-A199-08.3.bam	c0d3e2359f3666630ab7b881a166094d	1511d1d4-51dc-4aa4-ac87-49171a551a5b	9/22/13	9/22/13
TCGA-ER-A19N-06A-11D-A197-08	C828.TCGA-ER-A19N-06A-11D-A197-08.3.bam	664f463c55745d9c1e2ccebe3ebd5518	f95e713b-ac06-4501-a668-b73fe4ff038a	9/22/13	9/22/13
TCGA-ER-A19O-10A-01D-A199-08	C828.TCGA-ER-A19O-10A-01D-A199-08.2.bam	be31fc320b70faa4cce1919c0b95ddd7	1c5f4920-8bf5-45f0-9d90-0bfe16965e95	9/22/13	9/22/13
TCGA-ER-A19O-06A-11D-A197-08	C828.TCGA-ER-A19O-06A-11D-A197-08.2.bam	2cd021194dfccc3e4df867b7fedbbe93	94513755-1de7-49bc-93be-4e3c028d2f31	9/22/13	9/22/13
TCGA-ER-A19P-10A-01D-A198-08	C828.TCGA-ER-A19P-10A-01D-A198-08.3.bam	164f6fe3e399ff3b13913d138b437d62	4bd6b346-3db8-4857-92b4-e9b459c56a6c	9/22/13	9/22/13
TCGA-ER-A19P-06A-11D-A196-08	C828.TCGA-ER-A19P-06A-11D-A196-08.3.bam	501782f160dc5972e0d3c5ce38a177c5	7f03c521-2e0d-4876-9534-bdca562074e6	9/22/13	9/22/13
TCGA-ER-A19Q-10A-01D-A199-08	C828.TCGA-ER-A19Q-10A-01D-A199-08.2.bam	6a213bcdb79264bf7143e077192e3bbb	4d3419ea-ab10-4c68-bdde-8e79c63e6a20	9/22/13	9/22/13
TCGA-ER-A19Q-06A-11D-A197-08	C828.TCGA-ER-A19Q-06A-11D-A197-08.2.bam	2280e7626827d50323b69b5161c7b924	b90bc91f-b98c-4cae-b859-bbf01e6aea8a	9/22/13	9/22/13
TCGA-ER-A19S-10A-01D-A198-08	C828.TCGA-ER-A19S-10A-01D-A198-08.2.bam	a7f5ef27248530094925ce49eeb980a9	491ad4d4-8673-4718-9985-c185fe830121	9/22/13	9/22/13
TCGA-ER-A19S-06A-11D-A196-08	C828.TCGA-ER-A19S-06A-11D-A196-08.2.bam	2d4bec1e6830ec4aaa20e7a6d9364a8f	f852901f-b972-4341-a872-2cb2ffe0b12f	9/22/13	9/22/13
TCGA-ER-A19T-10A-01D-A19A-08	C828.TCGA-ER-A19T-10A-01D-A19A-08.3.bam	26126344c02e34b00595a5aa867bdb07	39226edd-92e6-46a5-bfac-7d0d7e0d885f	9/22/13	9/22/13
TCGA-ER-A19T-06A-11D-A19A-08	C828.TCGA-ER-A19T-06A-11D-A19A-08.3.bam	3a6510c4acab832e54e5c5c7c09c49af	c01332ec-7430-470b-ad8e-120856013a96	9/22/13	9/22/13
TCGA-ER-A19T-01A-11D-A19A-08	C828.TCGA-ER-A19T-01A-11D-A19A-08.3.bam	c668ae093061c16194d7725cc180bbd1	da6c8cdd-4a04-4510-83ea-ddbe32914efd	9/22/13	9/22/13
TCGA-ER-A19W-10A-01D-A23B-08	C828.TCGA-ER-A19W-10A-01D-A23B-08.2.bam	3cad64b5b32e4bb6fd5ef58be45a0dce	9a7ad1c3-bfc9-4193-9751-05d859149040	8/20/13	8/20/13
TCGA-ER-A19W-06A-41D-A23B-08	C828.TCGA-ER-A19W-06A-41D-A23B-08.2.bam	188f1c294abe30c87264b653e5a98dc2	66cddb27-fe78-4014-9549-5ed7bc205398	9/23/13	9/24/13
TCGA-ER-A1A1-10A-01D-A199-08	C828.TCGA-ER-A1A1-10A-01D-A199-08.3.bam	4b771915cf5a755b16741d5eea5fbafd	af23ad71-9e3a-41dc-9d6a-b1ee4969af1d	9/22/13	9/22/13
TCGA-ER-A1A1-06A-11D-A197-08	C828.TCGA-ER-A1A1-06A-11D-A197-08.3.bam	fb974c9db54a91597eb70ed519d17988	e31611e5-ec1e-4f14-9bb4-de38ae21bffb	9/22/13	9/22/13
TCGA-ER-A2NB-10A-01D-A198-08	C828.TCGA-ER-A2NB-10A-01D-A198-08.3.bam	ed826e81ac048e1e1bdf9e51298c2970	2700544c-074b-4ad9-9d83-bb431ac2eed2	9/22/13	9/22/13
TCGA-ER-A2NB-01A-12D-A196-08	C828.TCGA-ER-A2NB-01A-12D-A196-08.3.bam	2bcfc55364dfc4889cbc428b223cbf1d	88e9aa35-430e-402f-9ae5-b58eca51e4df	9/22/13	9/22/13
TCGA-ER-A2NC-10A-01D-A199-08	C828.TCGA-ER-A2NC-10A-01D-A199-08.2.bam	04601297b9b888e665a0f70967640528	543554f6-888b-4174-85ff-0ba44fa6e7d3	9/22/13	9/22/13
TCGA-ER-A2NC-06A-11D-A197-08	C828.TCGA-ER-A2NC-06A-11D-A197-08.2.bam	fbe1dfaaaa44752daa19c2852ce4dd25	fd423e6d-90f9-41d5-9ea7-71035a16f00e	9/22/13	9/22/13
TCGA-ER-A2ND-10A-01D-A198-08	C828.TCGA-ER-A2ND-10A-01D-A198-08.3.bam	456c7070422578bb74d6911ff22f0a6d	d855732e-de2f-4e8d-9fe3-c3f2367b0a0f	9/22/13	9/22/13
TCGA-ER-A2ND-06A-11D-A196-08	C828.TCGA-ER-A2ND-06A-11D-A196-08.3.bam	7f4e0d015eed9e4d64d87bd5cb46dd58	92e4906c-d1d6-4584-a595-7cd7eef14c4e	9/22/13	9/22/13
TCGA-ER-A2NE-10A-01D-A198-08	C828.TCGA-ER-A2NE-10A-01D-A198-08.2.bam	bc11f442bd67b38f6278fdfbe2b656c9	62ed701b-5d87-4a3c-b4f8-eae1f95a0e83	9/22/13	9/22/13
TCGA-ER-A2NE-06A-21D-A196-08	C828.TCGA-ER-A2NE-06A-21D-A196-08.2.bam	f8a31b0aa568adc6ec97c168fcdfea7a	47075ca2-fb04-4e5a-9c88-f2db36f7e7bf	9/22/13	9/22/13
TCGA-ER-A2NF-10A-01D-A19A-08	C828.TCGA-ER-A2NF-10A-01D-A19A-08.3.bam	8e1432b879b4c2e3b206f44333b05a2f	7d7fca61-4a37-44b4-af76-bed903181cf4	9/22/13	9/22/13
TCGA-ER-A2NF-01A-11D-A19A-08	C828.TCGA-ER-A2NF-01A-11D-A19A-08.3.bam	628f58c1bbbe2816ce7eeef86f42c41d	955a066c-87dc-4fb4-8851-e1d03044654e	9/22/13	9/22/13
TCGA-ER-A2NF-06A-11D-A19A-08	C828.TCGA-ER-A2NF-06A-11D-A19A-08.3.bam	8d5f47be44c3e9c761de421c1ac8fa10	a2ce798f-00a6-438c-a337-c2c84ecb63af	9/22/13	9/22/13
TCGA-ER-A2NG-10A-01D-A198-08	C828.TCGA-ER-A2NG-10A-01D-A198-08.2.bam	69d2a3baf9933679c56cdd0d70bd8047	79b2fcd9-d599-426a-8908-aa44c47102e9	9/22/13	9/22/13
TCGA-ER-A2NG-06A-11D-A196-08	C828.TCGA-ER-A2NG-06A-11D-A196-08.2.bam	3cf5ecb52c44df90814689c9e7ba36dc	17098026-5e47-48f3-bd0e-38b50410118f	9/22/13	9/22/13
TCGA-ER-A2NH-10A-01D-A198-08	C828.TCGA-ER-A2NH-10A-01D-A198-08.2.bam	a556404a9a8648b7170c9b17b490fb94	7fb4adb0-1d94-480e-959a-83eb88b69b4e	9/22/13	9/22/13
TCGA-ER-A2NH-06A-11D-A196-08	C828.TCGA-ER-A2NH-06A-11D-A196-08.2.bam	77aa82930e4850d32ba2419f1d5953c8	d65acb9e-65e9-4fd6-88f8-e88c1b1580bf	9/22/13	9/22/13
TCGA-ER-A3ES-10A-01D-A20D-08	C828.TCGA-ER-A3ES-10A-01D-A20D-08.1.bam	3b6c6ea5549e822bed224d42fc388f1c	d85623f0-db99-479c-9540-df82d6adbd6c	9/8/12	5/16/13
TCGA-ER-A3ES-06A-11D-A20D-08	C828.TCGA-ER-A3ES-06A-11D-A20D-08.1.bam	1f4e8725ba429fbb8823b819eabbe0eb	bf50eb92-7e55-4122-a289-3780a4b7381d	9/7/12	5/16/13
TCGA-ER-A3ET-10A-01D-A20D-08	C828.TCGA-ER-A3ET-10A-01D-A20D-08.1.bam	3e5e80bcf081b3b7456d8ba021bdd476	1a9bad05-83ab-4763-85ac-c216a640c21b	9/10/12	5/16/13
TCGA-ER-A3ET-06A-11D-A20D-08	C828.TCGA-ER-A3ET-06A-11D-A20D-08.1.bam	f0dd1c200737bf5c29aefe56239d480c	cfce9013-70a8-45f5-b9d8-7c84d5f652be	9/10/12	5/16/13
TCGA-ER-A3EV-10A-01D-A20D-08	C828.TCGA-ER-A3EV-10A-01D-A20D-08.1.bam	7f7f5d94e45885284a9b3547a9061dc0	fb247541-78cd-4eb9-80e9-398dcaed6bb1	9/10/12	5/16/13
TCGA-ER-A3EV-06A-11D-A20D-08	C828.TCGA-ER-A3EV-06A-11D-A20D-08.1.bam	418f802f636cadfd9dd4dd91434736d6	5d0cb8f4-c6a8-4a0c-95c1-0d4d2ae85af2	9/10/12	5/16/13
TCGA-ER-A3PL-10A-01D-A23B-08	C828.TCGA-ER-A3PL-10A-01D-A23B-08.4.bam	99cd1412a16d69f1de446a116820fd99	1eb52b16-7634-44ae-92f5-fb6b99f4d03d	8/20/13	8/20/13
TCGA-ER-A3PL-06A-11D-A23B-08	C828.TCGA-ER-A3PL-06A-11D-A23B-08.4.bam	6e716922196d3f477f02cccdd053ef04	9a770519-f5af-463f-b846-ec0f517d74c9	9/23/13	9/24/13
TCGA-ER-A42H-10A-01D-A24R-08	C828.TCGA-ER-A42H-10A-01D-A24R-08.3.bam	a834c41d4d97943f82daf130037389a5	cb1be577-9d99-432e-886d-c47017356bef	4/22/13	5/16/13
TCGA-ER-A42H-01A-11D-A24R-08	C828.TCGA-ER-A42H-01A-11D-A24R-08.3.bam	163a2b31ca0c93692a17706ff2b43fec	25c83e31-302e-4eb2-826d-9a4955bd0268	4/22/13	5/16/13
TCGA-ER-A42K-10A-01D-A24R-08	C828.TCGA-ER-A42K-10A-01D-A24R-08.3.bam	a8f5f1068aadb43dc9e5cf7086835259	f9973405-4941-4444-9100-f52195e82400	4/22/13	5/16/13
TCGA-ER-A42K-06A-11D-A24R-08	C828.TCGA-ER-A42K-06A-11D-A24R-08.3.bam	4a9ed40686cd2b5c06e6c42e328ce6a4	4d56463a-0f4c-4885-90bc-d093402f97ac	4/22/13	5/16/13
TCGA-ER-A42L-10A-01D-A24R-08	C828.TCGA-ER-A42L-10A-01D-A24R-08.3.bam	74ae5ff46ffda80a50eb33c5eb721fb3	83450732-d8e9-4215-8878-ac1b044d8122	4/22/13	5/16/13
TCGA-ER-A42L-06A-11D-A24R-08	C828.TCGA-ER-A42L-06A-11D-A24R-08.3.bam	25f0d7dd7d8c1aae9640b4ab69341119	364b56d0-88f8-49e1-89a2-cebfe9753baf	4/22/13	5/16/13
TCGA-FR-A2OS-10B-01D-A21A-08	C828.TCGA-FR-A2OS-10B-01D-A21A-08.2.bam	8919bba89c15b348fd986761ac130d93	61c02d02-2480-4ba7-b92f-01f434fdf054	9/23/13	9/23/13
TCGA-FR-A2OS-01A-11D-A21A-08	C828.TCGA-FR-A2OS-01A-11D-A21A-08.2.bam	4bc40a5df2aee93aeb8c57d32dc457fb	8d6a4121-37e5-48fb-aab2-7fa415307748	9/22/13	9/22/13
TCGA-FR-A3R1-10B-01D-A23B-08	C828.TCGA-FR-A3R1-10B-01D-A23B-08.2.bam	357b0b284c04df3117a4d8c03bc81f03	c7e74348-3c8b-49e2-b2a5-77dfcf53ea05	9/23/13	9/24/13
TCGA-FR-A3R1-01A-11D-A23B-08	C828.TCGA-FR-A3R1-01A-11D-A23B-08.2.bam	1f9bc8e1c7c1058b9a9a45c854ba8905	7e4db4c0-4c5f-4b78-aec3-29950517010f	8/20/13	8/20/13
TCGA-FR-A3YN-10A-01D-A23B-08	C828.TCGA-FR-A3YN-10A-01D-A23B-08.2.bam	27cf50d0ab0ae9315428343be71b6508	50cb925a-9992-43a6-b663-7066cfe9493c	8/20/13	8/20/13
TCGA-FR-A3YN-06A-11D-A23B-08	C828.TCGA-FR-A3YN-06A-11D-A23B-08.2.bam	0179e3e0f8ddb749c69e959ae657f37b	2418661b-8d0e-4e4d-8e06-ba375c462c87	9/23/13	9/24/13
TCGA-FR-A3YO-10A-01D-A23B-08	C828.TCGA-FR-A3YO-10A-01D-A23B-08.1.bam	b8196866e6a6bba2883a74086149ae54	9f3368c9-54e5-4844-ad48-ac4eb094b214	12/23/12	5/16/13
TCGA-FR-A3YO-06A-11D-A23B-08	C828.TCGA-FR-A3YO-06A-11D-A23B-08.1.bam	e0c910e782d510ab30fa7e5b88788f29	12ec4023-f60c-4639-9ab1-0b3f26d971f3	12/23/12	5/16/13
TCGA-FR-A44A-10A-01D-A24R-08	C828.TCGA-FR-A44A-10A-01D-A24R-08.3.bam	ac77825758929305fc42c2a927e1f7c2	5fafbd2c-9b31-4c24-bc34-6f5575219c9c	4/22/13	5/16/13
TCGA-FR-A44A-06A-11D-A24R-08	C828.TCGA-FR-A44A-06A-11D-A24R-08.3.bam	876153f92a00cbf5497ce5b0bdd4fbdd	4557440f-f1da-41c7-aed9-df175de4d000	4/22/13	5/16/13
TCGA-FS-A1YW-10A-01D-A199-08	C828.TCGA-FS-A1YW-10A-01D-A199-08.2.bam	8e15c5089f5bd106a822e8ce9b6a18e8	9757f05f-afac-45a1-a7fa-82022ecc49b0	9/22/13	9/22/13
TCGA-FS-A1YW-06A-11D-A197-08	C828.TCGA-FS-A1YW-06A-11D-A197-08.2.bam	333878105d7095aca15f7c69a962b098	da2b75d1-24e8-4c77-8f1a-61425a8ae935	9/22/13	9/22/13
TCGA-FS-A1YX-10A-01D-A199-08	C828.TCGA-FS-A1YX-10A-01D-A199-08.2.bam	30b441f6339cbbe94e69d2bc62f34ad6	5105df6a-361e-4378-a8e6-f18bf676dc24	9/22/13	9/22/13
TCGA-FS-A1YX-06A-11D-A197-08	C828.TCGA-FS-A1YX-06A-11D-A197-08.2.bam	6c1aed57f0bee5cef469ea2ba6cfd994	85fadf66-2b77-4176-8dd8-f30ae8bc61ed	9/22/13	9/22/13
TCGA-FS-A1YY-10A-01D-A199-08	C828.TCGA-FS-A1YY-10A-01D-A199-08.3.bam	8b4b876076ad917a5af419be58d902b4	e1f1f156-ff83-4479-ad59-c5e07ad150a1	9/22/13	9/22/13
TCGA-FS-A1YY-06A-11D-A197-08	C828.TCGA-FS-A1YY-06A-11D-A197-08.3.bam	c061d8f317894628d1e268a1e185d0bb	0bc7fb9c-b6b9-4ed2-a44d-e62eec9628e7	9/22/13	9/22/13
TCGA-FS-A1Z0-10A-01D-A199-08	C828.TCGA-FS-A1Z0-10A-01D-A199-08.2.bam	5b3f6a921e43b15b6e36ea2dab90b3d0	94a87fb6-d898-4d89-9eb1-8e8bf0875087	9/22/13	9/22/13
TCGA-FS-A1Z0-06A-11D-A197-08	C828.TCGA-FS-A1Z0-06A-11D-A197-08.2.bam	5db0769e1e6c19d23cd5a3d7fb667882	f0563df8-9045-4cc0-945c-d4007be40157	9/22/13	9/22/13
TCGA-FS-A1Z3-10A-01D-A199-08	C828.TCGA-FS-A1Z3-10A-01D-A199-08.2.bam	8f7294e52ad779446eeac823a253ccc3	8dfe6bbc-4df0-4a0a-a720-416f5573a28c	9/22/13	9/22/13
TCGA-FS-A1Z3-06A-11D-A197-08	C828.TCGA-FS-A1Z3-06A-11D-A197-08.2.bam	61d40b54021ef19f3e4e30ef5558efaf	12a263c7-8f7d-4ab0-ad1f-845ab2a10cc4	9/22/13	9/22/13
TCGA-FS-A1Z4-10A-01D-A199-08	C828.TCGA-FS-A1Z4-10A-01D-A199-08.2.bam	64bf9d4a8a5e7d8e75adcfd1b644857f	0474c740-7305-4666-bf13-7f46717da081	9/22/13	9/22/13
TCGA-FS-A1Z4-06A-11D-A197-08	C828.TCGA-FS-A1Z4-06A-11D-A197-08.2.bam	71c30f629845d88bc7edef2bef1ae537	e780517f-7e85-4b09-b20a-98e3eb43d4ea	9/22/13	9/22/13
TCGA-FS-A1Z7-10A-01D-A199-08	C828.TCGA-FS-A1Z7-10A-01D-A199-08.5.bam	636fc867212de515b3f39a419677053b	0c7e9c96-2d0b-4fce-b0cc-9386ec1319fb	9/22/13	9/22/13
TCGA-FS-A1Z7-06A-11D-A197-08	C828.TCGA-FS-A1Z7-06A-11D-A197-08.4.bam	6d7aa9cd94568947772ed4712ef70482	ec17c259-529c-4b3f-8e33-6d3d74e08e83	9/23/13	9/23/13
TCGA-FS-A1ZA-10A-01D-A199-08	C828.TCGA-FS-A1ZA-10A-01D-A199-08.2.bam	20999b7fb01aec5abbd910b3619cbf11	6c5bcad0-0dc9-405d-bf31-4e08acfaa05e	9/22/13	9/22/13
TCGA-FS-A1ZA-06A-11D-A197-08	C828.TCGA-FS-A1ZA-06A-11D-A197-08.2.bam	8e2b180ce2f805d64ee07c812f8bb312	cd73923d-33af-4567-a48f-dbb522c6c7a6	9/22/13	9/22/13
TCGA-FS-A1ZB-10A-01D-A199-08	C828.TCGA-FS-A1ZB-10A-01D-A199-08.2.bam	6fafe6f4725db58161a37f331d2183e9	f9e5489e-576a-4ca6-9473-be941e8eba3f	9/22/13	9/22/13
TCGA-FS-A1ZB-06A-12D-A197-08	C828.TCGA-FS-A1ZB-06A-12D-A197-08.2.bam	caacd892e2c791ab111cf06df0975343	d02e2646-5e87-43d7-8bd4-2b94378f4ed0	9/22/13	9/22/13
TCGA-FS-A1ZC-10A-01D-A199-08	C828.TCGA-FS-A1ZC-10A-01D-A199-08.3.bam	4146f55d8e9418bc7211cca645d6e909	c4866afd-9f8e-4303-ac02-ce36435d233c	9/22/13	9/22/13
TCGA-FS-A1ZC-06A-11D-A197-08	C828.TCGA-FS-A1ZC-06A-11D-A197-08.3.bam	9fbcb5b00c50737c8df00cb36e866a41	dabb8253-07fc-4d45-9174-99b86be8bea8	9/22/13	9/22/13
TCGA-FS-A1ZD-10A-01D-A199-08	C828.TCGA-FS-A1ZD-10A-01D-A199-08.2.bam	e23381e77f6eb007b73a58d13290002c	7936566d-6295-4449-816c-cf91ab90f8e8	9/22/13	9/22/13
TCGA-FS-A1ZD-06A-11D-A197-08	C828.TCGA-FS-A1ZD-06A-11D-A197-08.2.bam	100606702c55deab4b62794a44e0f4c8	469796a7-fe3c-4a2b-a116-268f38b36bfe	9/22/13	9/22/13
TCGA-FS-A1ZE-10A-01D-A199-08	C828.TCGA-FS-A1ZE-10A-01D-A199-08.2.bam	7344c00eda6d7a051d9da29357e614da	e0b59a6c-55bb-4fc6-ac2d-b8b102638141	9/22/13	9/22/13
TCGA-FS-A1ZE-06A-11D-A197-08	C828.TCGA-FS-A1ZE-06A-11D-A197-08.2.bam	cf3046779f3ff1e515788d57a13eb1ac	ef2b0062-b622-4f7f-aabd-6ef8fcc46ef7	9/22/13	9/22/13
TCGA-FS-A1ZF-10A-01D-A199-08	C828.TCGA-FS-A1ZF-10A-01D-A199-08.3.bam	1613e2a50362db7553bd271ce67191a3	f9d4cbe7-9d47-41ce-a63b-6b3512dff555	9/22/13	9/22/13
TCGA-FS-A1ZF-06A-12D-A197-08	C828.TCGA-FS-A1ZF-06A-12D-A197-08.3.bam	c81cad8a8f7af0eee11428f58bba6631	3007272f-78c5-4ff5-9900-30edbf19496e	9/22/13	9/22/13
TCGA-FS-A1ZG-10A-01D-A199-08	C828.TCGA-FS-A1ZG-10A-01D-A199-08.3.bam	87a4b76a186fdf350627bbdc8e7737cc	4e2ef6af-3c78-4118-b396-b1c64c949f82	9/22/13	9/22/13
TCGA-FS-A1ZG-06A-11D-A197-08	C828.TCGA-FS-A1ZG-06A-11D-A197-08.3.bam	0ca79722d2fc97f2bcd804c5fa64dba4	64da7ef4-df48-462b-bdcb-a4aee3b06169	9/22/13	9/22/13
TCGA-FS-A1ZH-10A-01D-A199-08	C828.TCGA-FS-A1ZH-10A-01D-A199-08.3.bam	e0ebc124782e86fe019192d4155c3817	5f09cad3-2fa4-458b-8135-54d7ad58402b	9/22/13	9/22/13
TCGA-FS-A1ZH-06A-11D-A197-08	C828.TCGA-FS-A1ZH-06A-11D-A197-08.3.bam	d0612fead41f143c02fe5dc26fd77fe2	b26bddd6-892e-4871-86c2-e75b6b041062	9/22/13	9/22/13
TCGA-FS-A1ZJ-10A-01D-A199-08	C828.TCGA-FS-A1ZJ-10A-01D-A199-08.5.bam	72ecee95e3eacd90e1d78f26020e8fe7	fa617a7b-716e-4615-b744-139376b2b6ab	9/22/13	9/22/13
TCGA-FS-A1ZJ-06A-12D-A197-08	C828.TCGA-FS-A1ZJ-06A-12D-A197-08.5.bam	ee4baf8ec1e1f7a43c730378472a5442	b24525ee-c638-4a8f-842f-97a7c8d8a9d8	9/22/13	9/22/13
TCGA-FS-A1ZK-10A-01D-A199-08	C828.TCGA-FS-A1ZK-10A-01D-A199-08.2.bam	f698dc809390477cdb5dee0dc2c68361	52c68f1e-3475-4bb3-9cd2-60d0bc7f1d89	9/22/13	9/22/13
TCGA-FS-A1ZK-06A-11D-A197-08	C828.TCGA-FS-A1ZK-06A-11D-A197-08.2.bam	59410924f114f91ee7d8635871ee22aa	09b2bed4-5426-4673-ab0c-c5e891b6c945	9/22/13	9/22/13
TCGA-FS-A1ZM-10A-01D-A199-08	C828.TCGA-FS-A1ZM-10A-01D-A199-08.3.bam	5325f691eb161a0ebcda0474f7252f0a	0ddb42e0-4baa-4851-8f27-dee6623ce9cd	9/22/13	9/22/13
TCGA-FS-A1ZM-06A-12D-A197-08	C828.TCGA-FS-A1ZM-06A-12D-A197-08.3.bam	43453f8b7bb90b55136d47da63e93f50	50d8ceb0-88da-4612-8612-cdf467f623c4	9/22/13	9/22/13
TCGA-FS-A1ZN-10A-01D-A199-08	C828.TCGA-FS-A1ZN-10A-01D-A199-08.3.bam	bfeaffd60547398668e9748ce10eb787	5c47b7ec-9c22-4ca2-b00d-aafe1e6cee19	9/22/13	9/22/13
TCGA-FS-A1ZN-01A-11D-A197-08	C828.TCGA-FS-A1ZN-01A-11D-A197-08.3.bam	411feb9471cc55fc0c27b70660aeb952	7a833c84-9e4f-4c9d-b051-6d7cb392cdaa	9/22/13	9/22/13
TCGA-FS-A1ZP-10A-01D-A199-08	C828.TCGA-FS-A1ZP-10A-01D-A199-08.3.bam	4e7b6aec955ba21f72e25d2d4027b35b	a94d46c5-966b-497e-8b2f-93e45460d7c3	9/22/13	9/22/13
TCGA-FS-A1ZP-06A-11D-A197-08	C828.TCGA-FS-A1ZP-06A-11D-A197-08.3.bam	2f1960030ffcbdfa6dd211d058e6f276	a1078747-2821-48ca-95eb-9b8cbaed1401	9/22/13	9/22/13
TCGA-FS-A1ZQ-10A-01D-A199-08	C828.TCGA-FS-A1ZQ-10A-01D-A199-08.3.bam	b88a189950572134216e94d5463b8dd1	8a43bb11-6dfd-4d01-bf5d-c793be91258e	9/22/13	9/22/13
TCGA-FS-A1ZQ-06A-11D-A197-08	C828.TCGA-FS-A1ZQ-06A-11D-A197-08.3.bam	79abbf51cbd23e7b869bed7e9c0d29cf	df68bc17-e2f7-4c67-acb0-be10f0f56eff	9/22/13	9/22/13
TCGA-FS-A1ZR-10A-01D-A199-08	C828.TCGA-FS-A1ZR-10A-01D-A199-08.2.bam	82d3e50d114ed8cbd8e3fdde11ee849e	e7c73248-497e-4e92-a88a-5a61b8c4cf35	9/22/13	9/22/13
TCGA-FS-A1ZR-06A-21D-A197-08	C828.TCGA-FS-A1ZR-06A-21D-A197-08.2.bam	9d9e4133719733e74450e663514086ef	8b5f7037-18ad-44d3-8fb2-8cf4a6a383ee	9/22/13	9/22/13
TCGA-FS-A1ZS-10A-01D-A199-08	C828.TCGA-FS-A1ZS-10A-01D-A199-08.3.bam	f8db3e0690710f0650e3a8f08b6ea97f	397fca8a-98ca-4397-8b00-b5d434b443c4	9/22/13	9/22/13
TCGA-FS-A1ZS-06A-12D-A197-08	C828.TCGA-FS-A1ZS-06A-12D-A197-08.3.bam	f5ee918bd392adccb45156b9e28834fb	3a05a7ce-dd58-45a7-8ced-35d62445adf0	9/22/13	9/22/13
TCGA-FS-A1ZT-10A-01D-A199-08	C828.TCGA-FS-A1ZT-10A-01D-A199-08.3.bam	1b638851ffbb1cc629d8bc7a3f691a55	d1070b33-8b6d-40ab-b440-29ab53b08093	9/22/13	9/22/13
TCGA-FS-A1ZT-06A-11D-A197-08	C828.TCGA-FS-A1ZT-06A-11D-A197-08.3.bam	ecc9f2c8daa5a9ecd61e9fb406d17817	a7356556-2a32-4f10-aeba-e06d5e6c62ac	9/22/13	9/22/13
TCGA-FS-A1ZU-10A-01D-A198-08	C828.TCGA-FS-A1ZU-10A-01D-A198-08.2.bam	41b59d80434abc304c0552d99de6e104	4f529274-ea1d-4f1f-a220-1b7ec3bb232f	9/22/13	9/22/13
TCGA-FS-A1ZU-06A-12D-A196-08	C828.TCGA-FS-A1ZU-06A-12D-A196-08.2.bam	fa6f75b21fb745d9cbf684bd88b99858	ff4db2a7-c89a-46d8-81e0-e9312a3142e2	9/22/13	9/22/13
TCGA-FS-A1ZW-10A-01D-A199-08	C828.TCGA-FS-A1ZW-10A-01D-A199-08.2.bam	9b5b84e337c192a36f95c9e63ddb83d8	72bcbef9-6f18-4c83-b03a-e48e4e88bc2a	9/22/13	9/22/13
TCGA-FS-A1ZW-06A-12D-A197-08	C828.TCGA-FS-A1ZW-06A-12D-A197-08.2.bam	f47471a6a6e70d158f9b9480c9adc81c	96bc75b2-2dce-4ab9-972b-4a8fa0e820ec	9/22/13	9/22/13
TCGA-FS-A1ZY-10A-01D-A199-08	C828.TCGA-FS-A1ZY-10A-01D-A199-08.2.bam	82347a4a1d6903e0f54928cbc6a3981f	9b19415a-a05d-407d-b478-b96a0e49e8ac	9/22/13	9/22/13
TCGA-FS-A1ZY-06A-11D-A197-08	C828.TCGA-FS-A1ZY-06A-11D-A197-08.2.bam	205f862f95d1bb6abaae55596c259e95	f2889b74-95f7-41c7-aea5-60673814af90	9/22/13	9/22/13
TCGA-FS-A1ZZ-10A-01D-A199-08	C828.TCGA-FS-A1ZZ-10A-01D-A199-08.2.bam	39621d7ae5eace0d790464f00cc7e363	06b4cc26-5bc8-47b8-8e85-0df0856d81ed	9/22/13	9/22/13
TCGA-FS-A1ZZ-06A-11D-A197-08	C828.TCGA-FS-A1ZZ-06A-11D-A197-08.2.bam	07fe727d985573d7ecaa1b64704d36c5	7557af36-0ec1-4666-9f28-3cb140da6ff4	9/22/13	9/22/13
TCGA-FS-A4F0-10A-01D-A24R-08	C828.TCGA-FS-A4F0-10A-01D-A24R-08.5.bam	39b3058f6210f63d81116b9972b139be	ac9cd8e3-9eb7-4796-a5ab-2154554c5362	9/25/13	9/25/13
TCGA-FS-A4F0-06A-11D-A24R-08	C828.TCGA-FS-A4F0-06A-11D-A24R-08.2.bam	7b04a9a3f818312bc7c7ac68fb555364	636a1f45-a4a6-4cb9-b3f4-e2fd8defe9f1	5/31/13	5/31/13
TCGA-FS-A4F4-10B-01D-A25O-08	C828.TCGA-FS-A4F4-10B-01D-A25O-08.3.bam	47a09f275f6d1735b255f815d715e418	367f0ff1-ab5c-4696-9da8-5b76aa994652	5/2/13	5/16/13
TCGA-FS-A4F4-06A-12D-A25O-08	C828.TCGA-FS-A4F4-06A-12D-A25O-08.3.bam	1c61d3179b923814d3e46b8cc987fe6a	f5a84276-e0ba-4ba6-bba8-04b299f15f34	5/2/13	5/16/13
TCGA-FS-A4F5-10B-01D-A25O-08	C828.TCGA-FS-A4F5-10B-01D-A25O-08.3.bam	c6717c01c2e180c12232f9b832d95e73	8ebbd88f-7d41-4bfd-ab59-0d7e74590bc8	5/2/13	5/16/13
TCGA-FS-A4F5-06A-11D-A25O-08	C828.TCGA-FS-A4F5-06A-11D-A25O-08.3.bam	fc404dfbaeb117bde85aa932b662b4b3	0b250a8e-6c60-4d7b-be24-c54a6da28ef7	5/2/13	5/16/13
TCGA-FS-A4F8-10B-01D-A25O-08	C828.TCGA-FS-A4F8-10B-01D-A25O-08.3.bam	4fae6b82c18a618c118a5c9bd4974c68	3c7bdd38-f7c2-48ef-ae5b-6676c8daa053	5/2/13	5/16/13
TCGA-FS-A4F8-06A-11D-A25O-08	C828.TCGA-FS-A4F8-06A-11D-A25O-08.3.bam	c994b26c54b410125aebadad311db256	b6a2a76c-9e0d-47d9-9efd-0bd830508efe	5/2/13	5/16/13
TCGA-FS-A4F9-10A-01D-A24R-08	C828.TCGA-FS-A4F9-10A-01D-A24R-08.3.bam	7c618f842a55311429455e3542fd6b6c	b8d488e1-003b-4fff-a982-f5273e4ab239	4/22/13	5/16/13
TCGA-FS-A4F9-06A-11D-A24R-08	C828.TCGA-FS-A4F9-06A-11D-A24R-08.3.bam	f4fb5eb90257460c2bdf9287c44b0c30	2d2c3c3c-5019-4e21-a190-20b0632a1a29	4/22/13	5/16/13
TCGA-FS-A4FB-10B-01D-A25O-08	C828.TCGA-FS-A4FB-10B-01D-A25O-08.3.bam	35ccf6baa983ac2b2af3a4c343b19ed6	d9241ed6-bce4-4cb3-a6fc-b941e34e3232	5/2/13	5/16/13
TCGA-FS-A4FB-06A-11D-A25O-08	C828.TCGA-FS-A4FB-06A-11D-A25O-08.3.bam	df99f44203c978cbdb1c8116cda705e7	c9f526e2-39fa-480b-816e-844caca72288	5/2/13	5/16/13
TCGA-FS-A4FC-10A-01D-A24R-08	C828.TCGA-FS-A4FC-10A-01D-A24R-08.3.bam	d2dceab80dcd7d3c2b0f4b15e5b6261c	5dd9ca2e-8755-4702-840c-d56792ea71c7	4/22/13	5/16/13
TCGA-FS-A4FC-06A-11D-A24R-08	C828.TCGA-FS-A4FC-06A-11D-A24R-08.3.bam	7b46a7d05ee8ef364711da90393369d5	b402bae2-5fe2-423f-9a3c-cee34d5f62db	4/22/13	5/16/13
TCGA-FS-A4FD-10B-01D-A25O-08	C828.TCGA-FS-A4FD-10B-01D-A25O-08.4.bam	bb84875059cab80367be9f278d0ba344	3ad236f7-7572-4926-8d93-b3f0c6888e6a	5/2/13	5/16/13
TCGA-FS-A4FD-06A-11D-A25O-08	C828.TCGA-FS-A4FD-06A-11D-A25O-08.3.bam	0ea1e0d9ce0c9a3559974d7de9ecc847	8063bfd2-b0f8-4445-83c3-a32cb3aef87d	5/2/13	5/16/13
TCGA-FW-A3I3-10A-01D-A21A-08	C828.TCGA-FW-A3I3-10A-01D-A21A-08.2.bam	2dedcec2570527b9b69138cbcdb32fa7	ca900035-7f3c-45ff-8276-c411fffcb339	9/26/13	9/26/13
TCGA-FW-A3I3-06A-11D-A21A-08	C828.TCGA-FW-A3I3-06A-11D-A21A-08.2.bam	61d93f8189bcd2a8715598da27cd2a1b	71e694a3-dbe1-4948-90e3-c8eb489c585b	9/22/13	9/22/13
TCGA-FW-A3R5-11A-11D-A23B-08	C828.TCGA-FW-A3R5-11A-11D-A23B-08.2.bam	630b48c106e216e223c3150318c20e1e	389b4a06-6bb3-4f8d-a7f4-8496d27c1989	8/20/13	8/20/13
TCGA-FW-A3R5-10A-01D-A23B-08	C828.TCGA-FW-A3R5-10A-01D-A23B-08.2.bam	be22b2c198d26777421708ce34fa71eb	a5006118-6bac-4d76-b136-a6954617563c	9/23/13	9/24/13
TCGA-FW-A3R5-06A-11D-A23B-08	C828.TCGA-FW-A3R5-06A-11D-A23B-08.2.bam	a5c9e02fa68a3e8ce170121bf57eae70	61fdf372-0f43-44d5-bbd7-7c3294e2e53f	9/23/13	9/24/13
TCGA-FW-A3TU-10A-01D-A23B-08	C828.TCGA-FW-A3TU-10A-01D-A23B-08.4.bam	a26283b9c364fb92afde5632367ffb89	7af041bb-a760-49c2-952f-ce417ea0ac1a	9/25/13	9/25/13
TCGA-FW-A3TU-06A-11D-A23B-08	C828.TCGA-FW-A3TU-06A-11D-A23B-08.4.bam	cba30ccb1c4474982798fff457cb7534	8c93b756-b5d9-4521-9670-04cee3a14e9b	8/20/13	8/20/13
TCGA-FW-A3TV-10A-01D-A23B-08	C828.TCGA-FW-A3TV-10A-01D-A23B-08.3.bam	b257266dac7873d1e5b71d43d12e4beb	e4faae3c-9276-4e06-8445-4a220c08a68d	8/20/13	8/20/13
TCGA-FW-A3TV-06A-11D-A23B-08	C828.TCGA-FW-A3TV-06A-11D-A23B-08.2.bam	c7a043c90426ef16b4b8d7cd0a66795b	fc31cbee-e19a-46cc-b078-dce0eb196d6e	8/20/13	8/20/13
TCGA-FW-A5DX-10A-01D-A27N-08	C828.TCGA-FW-A5DX-10A-01D-A27N-08.3.bam	db2345acf7b89957b6c7049b73d9eba3	65ed4633-eb2a-4596-9067-40cb711b7fb5	6/11/13	6/11/13
TCGA-FW-A5DX-01A-11D-A27K-08	C828.TCGA-FW-A5DX-01A-11D-A27K-08.3.bam	b534162035c0c48b195c272c02e1fefe	9c3ec022-82be-4bb4-8f58-e6f5bc0d776d	6/12/13	6/12/13
TCGA-GF-A2C7-10A-01D-A199-08	C828.TCGA-GF-A2C7-10A-01D-A199-08.2.bam	d3ec13ff285f7197c236c6c9d62c36a2	9e4dcc1b-140d-45ad-a44c-2a2152638a69	9/22/13	9/22/13
TCGA-GF-A2C7-01A-11D-A197-08	C828.TCGA-GF-A2C7-01A-11D-A197-08.2.bam	ed1e10c4c273dc40f3d4fa631d99943b	4d5a2621-28a9-4b15-9848-74b557d9289a	9/22/13	9/22/13
TCGA-GF-A3OT-10A-01D-A23B-08	C828.TCGA-GF-A3OT-10A-01D-A23B-08.1.bam	079f0c4b84ac0d431855f048cd5ea35f	cdb348a1-6830-477d-a938-86edc542de81	12/23/12	5/16/13
TCGA-GF-A3OT-06A-23D-A23B-08	C828.TCGA-GF-A3OT-06A-23D-A23B-08.1.bam	d5ecd5f3c47e8df5bf85c79248008635	ef49c317-53d1-4e50-bb70-80b5fcbc62e7	12/23/12	5/16/13
TCGA-GF-A4EO-10A-01D-A24R-08	C828.TCGA-GF-A4EO-10A-01D-A24R-08.3.bam	6f5a88e1966970419f0be94afe7b1fc2	5b120c7b-408b-4305-99a6-e870f2e1f704	4/22/13	5/16/13
TCGA-GF-A4EO-06A-12D-A24R-08	C828.TCGA-GF-A4EO-06A-12D-A24R-08.3.bam	3c536f206d135e5ed1b8b97266fed8ff	11a4b702-3786-4c8d-aac5-2e4bf4b36155	4/22/13	5/16/13
TCGA-GN-A262-10A-01D-A198-08	C828.TCGA-GN-A262-10A-01D-A198-08.2.bam	4dc80ac9a4a0ccb96733410a211da0b8	7b29d5dd-0724-4d1c-ace0-ba484c59adc3	9/22/13	9/22/13
TCGA-GN-A262-06A-11D-A196-08	C828.TCGA-GN-A262-06A-11D-A196-08.2.bam	9f201f5f000f46c0bd41cf45f85a9b4a	8109f0b7-8682-4edc-9cfd-642ebdf30535	9/22/13	9/22/13
TCGA-GN-A263-10A-01D-A198-08	C828.TCGA-GN-A263-10A-01D-A198-08.2.bam	8e061a752e480eaec1159d7312366b24	94bfefbb-4576-4340-92b6-4ed66e466215	9/22/13	9/22/13
TCGA-GN-A263-01A-11D-A196-08	C828.TCGA-GN-A263-01A-11D-A196-08.2.bam	cda84c372d3d26c38768968c2c99ac96	23fc6e75-8707-4af9-9a3c-10928e8a3ca4	9/22/13	9/22/13
TCGA-GN-A264-10A-01D-A198-08	C828.TCGA-GN-A264-10A-01D-A198-08.2.bam	853cc14a09a41c17103ce06ff904a037	8475293f-05fc-40ee-a5ea-9120824139d7	9/22/13	9/22/13
TCGA-GN-A264-06A-11D-A196-08	C828.TCGA-GN-A264-06A-11D-A196-08.2.bam	cda3d89e36407111f0a667feb33e123b	890b67e6-d078-4730-8058-a9ace5bbc22b	9/22/13	9/22/13
TCGA-GN-A265-10A-01D-A199-08	C828.TCGA-GN-A265-10A-01D-A199-08.3.bam	ff2b480cf47a4022a78dce36f2b3d5d2	9302b45c-b441-459e-84fb-c0ae012fa984	9/22/13	9/22/13
TCGA-GN-A265-06A-21D-A197-08	C828.TCGA-GN-A265-06A-21D-A197-08.3.bam	78072df6b0c3e5db01dff8cdd393fc3b	839ecb14-684f-4694-9695-7286c84f2d93	9/22/13	9/22/13
TCGA-GN-A266-10A-01D-A199-08	C828.TCGA-GN-A266-10A-01D-A199-08.2.bam	361544e10dcb49e9bcb774e201b8e55f	e8cfef09-82de-4b3b-ae16-58bfe516f673	9/22/13	9/22/13
TCGA-GN-A266-06A-11D-A197-08	C828.TCGA-GN-A266-06A-11D-A197-08.2.bam	388268d9e8f3748e403efce8ce4a8e16	75651275-5621-4b74-b286-7ee4d7a1ad5a	9/22/13	9/22/13
TCGA-GN-A267-10A-01D-A198-08	C828.TCGA-GN-A267-10A-01D-A198-08.3.bam	cb142f1f06560987dd7d0c877a500414	ede6deff-c53e-4e04-a32a-e182403f80e7	9/22/13	9/22/13
TCGA-GN-A267-06A-21D-A196-08	C828.TCGA-GN-A267-06A-21D-A196-08.3.bam	a473474b209484b2dfd5dfcaa1d8a623	b1dab810-6ffa-45ac-8dcb-e005ba268e09	9/22/13	9/22/13
TCGA-GN-A268-10A-01D-A198-08	C828.TCGA-GN-A268-10A-01D-A198-08.2.bam	d8b31989f622560d014754655597549d	aa775811-31ad-4d65-b70c-351c8096250b	9/22/13	9/22/13
TCGA-GN-A268-06A-11D-A196-08	C828.TCGA-GN-A268-06A-11D-A196-08.2.bam	a08d6fe60f98b825cf6c799117af8175	a6e10944-2e90-4012-be28-f63247c94712	9/22/13	9/22/13
TCGA-GN-A269-10A-01D-A19A-08	C828.TCGA-GN-A269-10A-01D-A19A-08.2.bam	f1f5264fd1fb01faa1482d742cb8c5d5	af0637f4-903e-4d09-ac3e-5cfd80487b2a	9/22/13	9/22/13
TCGA-GN-A269-01A-11D-A19A-08	C828.TCGA-GN-A269-01A-11D-A19A-08.2.bam	5630f7c9abc734ff5c8a7c2191887b35	1afbc2c5-9849-418a-a718-542b2291fe27	9/22/13	9/22/13
TCGA-GN-A26A-10A-01D-A19A-08	C828.TCGA-GN-A26A-10A-01D-A19A-08.3.bam	69eb274e91c9522c71d13e33d559912e	c49fa370-4ab7-4eae-b34a-e0c04b935ac6	9/22/13	9/22/13
TCGA-GN-A26A-06A-11D-A19A-08	C828.TCGA-GN-A26A-06A-11D-A19A-08.3.bam	7f14467d23b8ae2d05f25ef8fdd90c03	3ba71f7c-6e1e-4866-9163-8c5f27306b7e	9/22/13	9/22/13
TCGA-GN-A26C-10A-01D-A19A-08	C828.TCGA-GN-A26C-10A-01D-A19A-08.3.bam	5f24ad932df450a322d41a98ecdc09f1	a2c02814-b9bb-418a-b862-4f5bfe52d387	9/22/13	9/22/13
TCGA-GN-A26C-01A-11D-A19A-08	C828.TCGA-GN-A26C-01A-11D-A19A-08.3.bam	2f4f37ae6e4392123f198c01b80dce23	52f49b1c-ed99-47c1-ac1e-4e879a957b80	9/22/13	9/22/13
TCGA-GN-A26D-10A-01D-A19A-08	C828.TCGA-GN-A26D-10A-01D-A19A-08.2.bam	dbf79e3265f75e7de36d616922c9d042	fd023605-a477-4fe6-af39-ce55c601609f	9/22/13	9/22/13
TCGA-GN-A26D-06A-11D-A19A-08	C828.TCGA-GN-A26D-06A-11D-A19A-08.2.bam	dd275bd4ea21edba6381ecbdbd4adb95	32fde99a-f705-4cf3-915a-2675c43a35b9	9/22/13	9/22/13
TCGA-IH-A3EA-10A-01D-A20D-08	C828.TCGA-IH-A3EA-10A-01D-A20D-08.1.bam	ac6e13ae3a609917d72c294338881021	6a9fe6de-4729-4be7-8f0a-16912934c89d	9/10/12	5/16/13
TCGA-IH-A3EA-01A-11D-A20D-08	C828.TCGA-IH-A3EA-01A-11D-A20D-08.1.bam	e1436e1fe0b6744adf2929ff9d091e51	8de77aa2-5a3d-45ea-88c6-78f92bafb439	9/10/12	5/16/13
